codigo_dane,anio,semana_epi,fecha_semana,nivel_alerta,prediccion_casos_t1,desviacion_prediccion_pct,variable_causal,media_hist_mun_sem,shap_max_value
05001,2018,1,2018-01-01,ALERTA_VERDE,7.63,-15.22,casos_ira_total,9.0,2.2551352977752686
05001,2018,2,2018-01-08,ALERTA_VERDE,6.78,-11.57,casos_ira_lag1,7.666666666666667,1.5413482189178467
05001,2018,3,2018-01-15,ALERTA_VERDE,6.11,1.83,casos_ira_lag1,6.0,1.5013593435287476
05001,2018,4,2018-01-22,ALERTA_NARANJA,6.54,40.14,casos_ira_lag1,4.666666666666667,1.6063908338546753
05001,2018,5,2018-01-29,ALERTA_VERDE,5.63,12.6,casos_ira_lag1,5.0,1.974756121635437
05001,2018,6,2018-02-05,ALERTA_VERDE,5.47,-28.65,media_hist_mun_sem,7.666666666666667,2.2636892795562744
05001,2018,7,2018-02-12,ALERTA_VERDE,5.61,-1.0,casos_ira_total,5.666666666666667,1.9696683883666992
05001,2018,8,2018-02-19,ALERTA_VERDE,5.84,3.06,casos_ira_total,5.666666666666667,1.3686326742172241
05001,2018,9,2018-02-26,ALERTA_VERDE,7.78,6.09,casos_ira_lag1,7.333333333333333,1.9434746503829956
05001,2018,10,2018-03-05,ALERTA_VERDE,3.86,-58.64,media_hist_mun_sem,9.333333333333334,1.4142123460769653
05001,2018,11,2018-03-12,ALERTA_VERDE,4.47,-29.42,casos_ira_lag1,6.333333333333333,2.495105028152466
05001,2018,12,2018-03-19,ALERTA_VERDE,2.71,-61.29,media_hist_mun_sem,7.0,1.0863518714904785
05001,2018,13,2018-03-26,ALERTA_VERDE,5.2,4.0,media_hist_mun_sem,5.0,1.1437361240386963
05001,2018,14,2018-04-02,ALERTA_VERDE,6.0,-18.18,casos_ira_total,7.333333333333333,1.7960984706878662
05001,2018,15,2018-04-09,ALERTA_VERDE,5.94,-25.75,casos_ira_lag1,8.0,1.5572290420532227
05001,2018,16,2018-04-16,ALERTA_VERDE,4.37,-27.17,casos_ira_lag1,6.0,1.9772577285766602
05001,2018,17,2018-04-23,ALERTA_VERDE,3.4,-27.14,media_hist_mun_sem,4.666666666666667,0.9941858053207397
05001,2018,18,2018-04-30,ALERTA_VERDE,4.88,4.57,media_hist_mun_sem,4.666666666666667,1.065410852432251
05001,2018,19,2018-05-07,ALERTA_VERDE,5.2,-22.0,casos_ira_total,6.666666666666667,1.9186358451843262
05001,2018,20,2018-05-14,ALERTA_VERDE,5.12,-43.11,casos_ira_lag1,9.0,1.7819435596466064
05001,2018,21,2018-05-21,ALERTA_NARANJA,7.34,46.8,casos_ira_lag1,5.0,2.3775129318237305
05001,2018,22,2018-05-28,ALERTA_VERDE,6.99,-16.12,casos_ira_total,8.333333333333334,2.730015754699707
05001,2018,23,2018-06-04,ALERTA_ROJA,9.14,61.29,casos_ira_lag1,5.666666666666667,3.3462226390838623
05001,2018,24,2018-06-11,ALERTA_VERDE,6.72,-4.0,casos_ira_lag1,7.0,1.7872719764709473
05001,2018,25,2018-06-18,ALERTA_VERDE,7.44,11.6,casos_ira_lag1,6.666666666666667,3.3936941623687744
05001,2018,26,2018-06-25,ALERTA_VERDE,5.48,-31.5,casos_ira_total,8.0,1.864840030670166
05001,2018,27,2018-07-02,ALERTA_VERDE,8.59,12.04,casos_ira_lag1,7.666666666666667,2.3815319538116455
05001,2018,28,2018-07-09,ALERTA_VERDE,5.51,-43.0,media_hist_mun_sem,9.666666666666666,2.1416473388671875
05001,2018,29,2018-07-16,ALERTA_VERDE,9.21,15.13,casos_ira_lag1,8.0,3.347726345062256
05001,2018,30,2018-07-23,ALERTA_VERDE,6.1,-3.68,casos_ira_total,6.333333333333333,1.8975749015808105
05001,2018,31,2018-07-30,ALERTA_ROJA,7.5,150.0,casos_ira_lag1,3.0,3.7963614463806152
05001,2018,32,2018-08-06,ALERTA_VERDE,4.45,-16.56,casos_ira_total,5.333333333333333,1.8067160844802856
05001,2018,33,2018-08-13,ALERTA_ROJA,4.85,107.86,casos_ira_lag1,2.3333333333333335,2.3970553874969482
05001,2018,34,2018-08-20,ALERTA_NARANJA,3.81,42.87,media_hist_mun_sem,2.6666666666666665,0.925281822681427
05001,2018,35,2018-08-27,ALERTA_VERDE,4.46,-0.89,casos_ira_total,4.5,1.750206470489502
05001,2018,36,2018-09-03,ALERTA_ROJA,9.51,159.36,casos_ira_lag1,3.6666666666666665,2.07436203956604
05001,2018,37,2018-09-10,ALERTA_VERDE,5.77,-27.88,casos_ira_total,8.0,1.9027326107025146
05001,2018,38,2018-09-17,ALERTA_ROJA,6.68,234.0,casos_ira_lag1,2.0,4.165307998657227
05001,2018,39,2018-09-24,ALERTA_NARANJA,5.21,56.3,casos_ira_total,3.3333333333333335,1.790725588798523
05001,2018,40,2018-10-01,ALERTA_ROJA,5.93,69.43,casos_ira_lag1,3.5,1.577640414237976
05001,2018,41,2018-10-08,ALERTA_VERDE,5.16,14.67,casos_ira_lag1,4.5,1.3783992528915405
05001,2018,42,2018-10-15,ALERTA_ROJA,5.92,97.33,casos_ira_lag1,3.0,2.2313332557678223
05001,2018,43,2018-10-22,ALERTA_VERDE,4.88,8.44,casos_ira_total,4.5,1.8928337097167969
05001,2018,44,2018-10-29,ALERTA_NARANJA,6.92,38.4,casos_ira_lag1,5.0,2.2258176803588867
05001,2018,45,2018-11-05,ALERTA_VERDE,4.68,-22.0,casos_ira_total,6.0,1.9425619840621948
05001,2018,46,2018-11-12,ALERTA_ROJA,6.6,88.57,casos_ira_lag1,3.5,1.4936420917510986
05001,2018,47,2018-11-19,ALERTA_NARANJA,7.3,36.88,casos_ira_total,5.333333333333333,1.8390979766845703
05001,2018,48,2018-11-26,ALERTA_VERDE,7.21,20.17,casos_ira_total,6.0,1.9363903999328613
05001,2018,49,2018-12-03,ALERTA_ROJA,8.1,73.57,casos_ira_lag1,4.666666666666667,2.817552328109741
05001,2018,50,2018-12-10,ALERTA_VERDE,8.13,8.4,casos_ira_lag1,7.5,1.7058165073394775
05001,2018,51,2018-12-17,ALERTA_VERDE,6.81,7.53,casos_ira_total,6.333333333333333,1.7123608589172363
05001,2018,52,2018-12-24,ALERTA_VERDE,7.69,-9.53,casos_ira_total,8.5,1.5422053337097168
05001,2019,1,2018-12-31,ALERTA_VERDE,7.44,-17.33,casos_ira_total,9.0,1.5706177949905396
05001,2019,2,2019-01-07,ALERTA_VERDE,8.21,7.09,casos_ira_lag1,7.666666666666667,1.6166630983352661
05001,2019,3,2019-01-14,ALERTA_VERDE,4.23,-29.5,casos_ira_total,6.0,1.5568785667419434
05001,2019,4,2019-01-21,ALERTA_VERDE,5.36,14.86,casos_ira_lag1,4.666666666666667,2.0526673793792725
05001,2019,5,2019-01-28,ALERTA_NARANJA,7.72,54.4,casos_ira_total,5.0,2.2373130321502686
05001,2019,6,2019-02-04,ALERTA_VERDE,8.22,7.22,casos_ira_total,7.666666666666667,1.9091756343841553
05001,2019,7,2019-02-11,ALERTA_NARANJA,7.62,34.47,casos_ira_lag1,5.666666666666667,2.7921276092529297
05001,2019,8,2019-02-18,ALERTA_NARANJA,7.43,31.12,casos_ira_lag1,5.666666666666667,2.1642985343933105
05001,2019,9,2019-02-25,ALERTA_VERDE,5.96,-18.73,casos_ira_total,7.333333333333333,1.8618314266204834
05001,2019,10,2019-03-04,ALERTA_VERDE,9.28,-0.57,casos_ira_lag1,9.333333333333334,1.9270292520523071
05001,2019,11,2019-03-11,ALERTA_VERDE,8.04,26.95,casos_ira_total,6.333333333333333,2.0590882301330566
05001,2019,12,2019-03-18,ALERTA_VERDE,9.07,29.57,casos_ira_lag1,7.0,3.4661765098571777
05001,2019,13,2019-03-25,ALERTA_NARANJA,7.02,40.4,casos_ira_lag1,5.0,1.8587771654129028
05001,2019,14,2019-04-01,ALERTA_NARANJA,9.75,32.95,casos_ira_lag1,7.333333333333333,3.4951038360595703
05001,2019,15,2019-04-08,ALERTA_VERDE,8.65,8.12,casos_ira_total,8.0,2.0631299018859863
05001,2019,16,2019-04-15,ALERTA_VERDE,7.25,20.83,casos_ira_lag1,6.0,3.363348960876465
05001,2019,17,2019-04-22,ALERTA_ROJA,9.25,98.21,casos_ira_lag1,4.666666666666667,3.332545280456543
05001,2019,18,2019-04-29,ALERTA_ROJA,10.26,119.86,casos_ira_total,4.666666666666667,2.2901463508605957
05001,2019,19,2019-05-06,ALERTA_ROJA,10.94,64.1,casos_ira_lag1,6.666666666666667,3.345660448074341
05001,2019,20,2019-05-13,ALERTA_VERDE,10.26,14.0,casos_ira_lag1,9.0,2.9850730895996094
05001,2019,21,2019-05-20,ALERTA_ROJA,11.7,134.0,casos_ira_lag1,5.0,3.741288185119629
05001,2019,22,2019-05-27,ALERTA_VERDE,9.01,8.12,casos_ira_lag1,8.333333333333334,3.1753270626068115
05001,2019,23,2019-06-03,ALERTA_NARANJA,8.17,44.18,casos_ira_lag1,5.666666666666667,3.5254781246185303
05001,2019,24,2019-06-10,ALERTA_VERDE,8.49,21.29,casos_ira_lag1,7.0,1.8685743808746338
05001,2019,25,2019-06-17,ALERTA_VERDE,7.17,7.55,casos_ira_lag1,6.666666666666667,1.7545623779296875
05001,2019,26,2019-06-24,ALERTA_VERDE,7.87,-1.63,casos_ira_lag1,8.0,3.1271443367004395
05001,2019,27,2019-07-01,ALERTA_VERDE,7.23,-5.7,casos_ira_lag1,7.666666666666667,1.9215724468231201
05001,2019,28,2019-07-08,ALERTA_VERDE,9.8,1.38,media_hist_mun_sem,9.666666666666666,2.5821263790130615
05001,2019,29,2019-07-15,ALERTA_VERDE,7.7,-3.75,casos_ira_lag1,8.0,1.9530247449874878
05001,2019,30,2019-07-22,ALERTA_VERDE,5.75,-9.21,casos_ira_lag1,6.333333333333333,3.413910388946533
05001,2019,31,2019-07-29,ALERTA_ROJA,5.2,73.33,casos_ira_lag1,3.0,2.0046563148498535
05001,2019,32,2019-08-05,ALERTA_VERDE,2.27,-57.44,casos_ira_total,5.333333333333333,1.3402514457702637
05001,2019,33,2019-08-12,ALERTA_VERDE,2.88,23.43,casos_ira_lag1,2.3333333333333335,1.977907419204712
05001,2019,34,2019-08-19,ALERTA_VERDE,3.06,14.75,media_hist_mun_sem,2.6666666666666665,0.9461442828178406
05001,2019,35,2019-08-26,ALERTA_VERDE,3.22,-28.44,media_hist_mun_sem,4.5,0.9254626035690308
05001,2019,36,2019-09-02,ALERTA_VERDE,3.72,1.45,media_hist_mun_sem,3.6666666666666665,0.9100707769393921
05001,2019,37,2019-09-09,ALERTA_VERDE,2.02,-74.75,casos_ira_total,8.0,1.154088020324707
05001,2019,38,2019-09-16,ALERTA_ROJA,3.82,91.0,casos_ira_lag1,2.0,1.5765907764434814
05001,2019,39,2019-09-23,ALERTA_VERDE,2.53,-24.1,media_hist_mun_sem,3.3333333333333335,0.9222019910812378
05001,2019,40,2019-09-30,ALERTA_VERDE,3.29,-6.0,media_hist_mun_sem,3.5,0.8671817779541016
05001,2019,41,2019-10-07,ALERTA_VERDE,2.82,-37.33,media_hist_mun_sem,4.5,0.9976668357849121
05001,2019,42,2019-10-14,ALERTA_VERDE,3.14,4.67,media_hist_mun_sem,3.0,0.7225554585456848
05001,2019,43,2019-10-21,ALERTA_NARANJA,5.96,32.44,media_hist_mun_sem,4.5,1.1980711221694946
05001,2019,44,2019-10-28,ALERTA_VERDE,4.54,-9.2,casos_ira_total,5.0,1.8440508842468262
05001,2019,45,2019-11-04,ALERTA_VERDE,3.59,-40.17,casos_ira_lag1,6.0,1.7776168584823608
05001,2019,46,2019-11-11,ALERTA_NARANJA,5.45,55.71,media_hist_mun_sem,3.5,1.1277697086334229
05001,2019,47,2019-11-18,ALERTA_VERDE,4.98,-6.62,casos_ira_total,5.333333333333333,1.9983584880828857
05001,2019,48,2019-11-25,ALERTA_VERDE,6.27,4.5,casos_ira_lag1,6.0,1.527589201927185
05001,2019,49,2019-12-02,ALERTA_NARANJA,6.4,37.14,casos_ira_total,4.666666666666667,1.4466592073440552
05001,2019,50,2019-12-09,ALERTA_VERDE,9.61,28.13,casos_ira_lag1,7.5,1.783996820449829
05001,2019,51,2019-12-16,ALERTA_ROJA,10.92,72.42,casos_ira_total,6.333333333333333,2.5401980876922607
05001,2019,52,2019-12-23,ALERTA_NARANJA,11.05,30.0,casos_ira_lag1,8.5,2.6130950450897217
05001,2020,1,2019-12-30,ALERTA_VERDE,9.38,4.22,casos_ira_lag1,9.0,2.4447081089019775
05001,2020,2,2020-01-06,ALERTA_VERDE,5.85,-23.7,casos_ira_total,7.666666666666667,1.342173457145691
05001,2020,3,2020-01-13,ALERTA_VERDE,5.6,-6.67,casos_ira_lag1,6.0,1.4722399711608887
05001,2020,4,2020-01-20,ALERTA_NARANJA,6.62,41.86,casos_ira_total,4.666666666666667,1.6305972337722778
05001,2020,5,2020-01-27,ALERTA_NARANJA,7.34,46.8,casos_ira_total,5.0,1.753192663192749
05001,2020,6,2020-02-03,ALERTA_VERDE,5.16,-32.7,casos_ira_lag1,7.666666666666667,1.6979831457138062
05001,2020,7,2020-02-10,ALERTA_NARANJA,7.88,39.06,casos_ira_lag1,5.666666666666667,3.2906415462493896
05001,2020,8,2020-02-17,ALERTA_NARANJA,7.59,33.94,casos_ira_total,5.666666666666667,2.075199604034424
05001,2020,9,2020-02-24,ALERTA_NARANJA,10.26,39.91,casos_ira_lag1,7.333333333333333,1.9850127696990967
05001,2020,10,2020-03-02,ALERTA_VERDE,6.83,-26.82,casos_ira_lag1,9.333333333333334,2.529038667678833
05001,2020,11,2020-03-09,ALERTA_ROJA,10.32,62.95,casos_ira_lag1,6.333333333333333,4.683456897735596
05001,2020,12,2020-03-16,ALERTA_VERDE,4.91,-29.86,casos_ira_total,7.0,1.6573508977890015
05001,2020,13,2020-03-23,ALERTA_ROJA,8.41,68.2,casos_ira_lag1,5.0,4.027152061462402
05001,2020,14,2020-03-30,ALERTA_VERDE,6.06,-17.36,casos_ira_total,7.333333333333333,1.9747521877288818
05001,2020,15,2020-04-06,ALERTA_VERDE,6.55,-18.12,casos_ira_lag1,8.0,2.4692797660827637
05001,2020,16,2020-04-13,ALERTA_VERDE,4.41,-26.5,casos_ira_lag1,6.0,2.1674299240112305
05001,2020,17,2020-04-20,ALERTA_VERDE,5.08,8.86,casos_ira_total,4.666666666666667,1.8973336219787598
05001,2020,18,2020-04-27,ALERTA_VERDE,3.84,-17.71,casos_ira_lag1,4.666666666666667,1.7994961738586426
05001,2020,19,2020-05-04,ALERTA_VERDE,2.69,-59.65,media_hist_mun_sem,6.666666666666667,1.2272536754608154
05001,2020,21,2020-05-18,ALERTA_VERDE,2.97,-40.6,media_hist_mun_sem,5.0,0.8310599327087402
05001,2020,22,2020-05-25,ALERTA_VERDE,3.53,-57.64,media_hist_mun_sem,8.333333333333334,1.7186402082443237
05001,2020,23,2020-06-01,ALERTA_VERDE,3.52,-37.88,media_hist_mun_sem,5.666666666666667,0.9358460307121277
05001,2020,24,2020-06-08,ALERTA_VERDE,4.44,-36.57,media_hist_mun_sem,7.0,1.4724408388137817
05001,2020,25,2020-06-15,ALERTA_VERDE,6.31,-5.35,casos_ira_total,6.666666666666667,2.0848870277404785
05001,2020,26,2020-06-22,ALERTA_VERDE,9.06,13.25,casos_ira_total,8.0,2.1285533905029297
05001,2020,27,2020-06-29,ALERTA_NARANJA,11.52,50.26,casos_ira_lag1,7.666666666666667,3.2789552211761475
05001,2020,28,2020-07-06,ALERTA_VERDE,3.58,-62.97,casos_ira_total,9.666666666666666,1.3877917528152466
05001,2020,30,2020-07-20,ALERTA_VERDE,2.29,-63.84,casos_ira_lag1,6.333333333333333,1.6095508337020874
05001,2020,31,2020-07-27,ALERTA_VERDE,2.65,-11.67,media_hist_mun_sem,3.0,0.9816040992736816
05001,2020,32,2020-08-03,ALERTA_VERDE,2.67,-49.94,media_hist_mun_sem,5.333333333333333,0.8089010715484619
05001,2020,33,2020-08-10,ALERTA_VERDE,1.89,-19.0,humedad_avg,2.3333333333333335,0.08633024245500565
05001,2020,34,2020-08-17,ALERTA_VERDE,2.51,-5.88,media_hist_mun_sem,2.6666666666666665,0.820949375629425
05001,2020,36,2020-08-31,ALERTA_VERDE,1.76,-52.0,media_hist_mun_sem,3.6666666666666665,0.7450897693634033
05001,2020,39,2020-09-21,ALERTA_VERDE,3.18,-4.6,media_hist_mun_sem,3.3333333333333335,0.9403926134109497
05001,2020,42,2020-10-12,ALERTA_VERDE,2.65,-11.67,media_hist_mun_sem,3.0,0.8557921648025513
05001,2020,47,2020-11-16,ALERTA_VERDE,3.57,-33.06,media_hist_mun_sem,5.333333333333333,1.1783992052078247
05001,2020,48,2020-11-23,ALERTA_VERDE,2.1,-65.0,media_hist_mun_sem,6.0,0.44493553042411804
05001,2020,49,2020-11-30,ALERTA_VERDE,2.12,-54.57,media_hist_mun_sem,4.666666666666667,1.0557711124420166
05001,2020,51,2020-12-14,ALERTA_VERDE,3.08,-51.37,media_hist_mun_sem,6.333333333333333,0.9823394417762756
05001,2020,53,2020-12-28,ALERTA_ROJA,7.34,144.67,media_hist_mun_sem,3.0,1.6987888813018799
05001,2021,1,2021-01-04,ALERTA_VERDE,11.37,26.33,casos_ira_total,9.0,3.3827953338623047
05001,2021,2,2021-01-11,ALERTA_NARANJA,12.24,59.65,casos_ira_lag1,7.666666666666667,2.54742693901062
05001,2021,3,2021-01-18,ALERTA_ROJA,10.38,73.0,casos_ira_lag1,6.0,2.6432693004608154
05001,2021,4,2021-01-25,ALERTA_ROJA,12.2,161.43,casos_ira_lag1,4.666666666666667,3.36340594291687
05001,2021,5,2021-02-01,ALERTA_ROJA,8.44,68.8,casos_ira_lag1,5.0,2.9731297492980957
05001,2021,6,2021-02-08,ALERTA_NARANJA,10.23,33.43,casos_ira_lag1,7.666666666666667,3.847712278366089
05001,2021,7,2021-02-15,ALERTA_ROJA,9.35,65.0,casos_ira_total,5.666666666666667,2.1673567295074463
05001,2021,8,2021-02-22,ALERTA_ROJA,10.48,84.94,casos_ira_lag1,5.666666666666667,2.9705381393432617
05001,2021,9,2021-03-01,ALERTA_NARANJA,9.84,34.18,casos_ira_lag1,7.333333333333333,3.2596166133880615
05001,2021,10,2021-03-08,ALERTA_VERDE,8.43,-9.68,casos_ira_lag1,9.333333333333334,2.79451322555542
05001,2021,11,2021-03-15,ALERTA_NARANJA,9.17,44.79,casos_ira_lag1,6.333333333333333,3.328922986984253
05001,2021,12,2021-03-22,ALERTA_VERDE,7.97,13.86,casos_ira_lag1,7.0,3.0109059810638428
05001,2021,13,2021-03-29,ALERTA_ROJA,8.63,72.6,casos_ira_lag1,5.0,3.4679956436157227
05001,2021,14,2021-04-05,ALERTA_VERDE,8.35,13.86,casos_ira_lag1,7.333333333333333,2.036930561065674
05001,2021,15,2021-04-12,ALERTA_VERDE,8.51,6.38,casos_ira_lag1,8.0,2.146836042404175
05001,2021,16,2021-04-19,ALERTA_VERDE,4.79,-20.17,casos_ira_total,6.0,1.7570159435272217
05001,2021,17,2021-04-26,ALERTA_ROJA,8.28,77.43,casos_ira_lag1,4.666666666666667,3.9192097187042236
05001,2021,18,2021-05-03,ALERTA_NARANJA,7.23,54.93,casos_ira_total,4.666666666666667,2.566189765930176
05001,2021,19,2021-05-10,ALERTA_NARANJA,9.98,49.7,casos_ira_lag1,6.666666666666667,3.491229295730591
05001,2021,20,2021-05-17,ALERTA_VERDE,9.08,0.89,casos_ira_total,9.0,2.2360613346099854
05001,2021,21,2021-05-24,ALERTA_ROJA,10.28,105.6,casos_ira_lag1,5.0,3.4076554775238037
05001,2021,22,2021-05-31,ALERTA_VERDE,9.91,18.92,casos_ira_lag1,8.333333333333334,3.165724515914917
05001,2021,23,2021-06-07,ALERTA_ROJA,10.26,81.06,casos_ira_lag1,5.666666666666667,3.279059410095215
05001,2021,24,2021-06-14,ALERTA_NARANJA,9.99,42.71,casos_ira_lag1,7.0,3.281507730484009
05001,2021,25,2021-06-21,ALERTA_NARANJA,9.84,47.6,casos_ira_lag1,6.666666666666667,3.1994423866271973
05001,2021,26,2021-06-28,ALERTA_VERDE,9.13,14.13,casos_ira_lag1,8.0,2.9887356758117676
05001,2021,27,2021-07-05,ALERTA_NARANJA,10.43,36.04,casos_ira_lag1,7.666666666666667,3.432194232940674
05001,2021,28,2021-07-12,ALERTA_VERDE,10.45,8.1,casos_ira_lag1,9.666666666666666,3.00860333442688
05001,2021,29,2021-07-19,ALERTA_VERDE,8.47,5.88,casos_ira_lag1,8.0,3.1247618198394775
05001,2021,30,2021-07-26,ALERTA_NARANJA,9.63,52.05,casos_ira_lag1,6.333333333333333,3.9344351291656494
05001,2021,31,2021-08-02,ALERTA_ROJA,10.67,255.67,desviacion_vs_historico,3.0,2.405280828475952
05001,2021,32,2021-08-09,ALERTA_ROJA,12.71,138.31,casos_ira_lag1,5.333333333333333,4.478582382202148
05001,2021,33,2021-08-16,ALERTA_ROJA,12.45,433.57,casos_ira_lag1,2.3333333333333335,4.0933756828308105
05001,2021,34,2021-08-23,ALERTA_ROJA,12.08,353.0,casos_ira_lag1,2.6666666666666665,4.264595031738281
05001,2021,35,2021-08-30,ALERTA_ROJA,12.46,176.89,casos_ira_lag1,4.5,3.6834964752197266
05001,2021,36,2021-09-06,ALERTA_ROJA,11.76,220.73,casos_ira_lag1,3.6666666666666665,3.8431296348571777
05001,2021,37,2021-09-13,ALERTA_VERDE,10.36,29.5,casos_ira_lag1,8.0,4.202957630157471
05001,2021,38,2021-09-20,ALERTA_ROJA,11.67,483.5,casos_ira_lag1,2.0,4.236355781555176
05001,2021,39,2021-09-27,ALERTA_ROJA,8.88,166.4,casos_ira_lag1,3.3333333333333335,3.2764580249786377
05001,2021,40,2021-10-04,ALERTA_ROJA,11.61,231.71,casos_ira_lag1,3.5,4.033114910125732
05001,2021,41,2021-10-11,ALERTA_NARANJA,6.81,51.33,casos_ira_total,4.5,2.1395139694213867
05001,2021,42,2021-10-18,ALERTA_ROJA,10.69,256.33,casos_ira_lag1,3.0,4.306188106536865
05001,2021,43,2021-10-25,ALERTA_ROJA,10.52,133.78,casos_ira_lag1,4.5,2.2280936241149902
05001,2021,44,2021-11-01,ALERTA_ROJA,10.23,104.6,casos_ira_lag1,5.0,3.27382493019104
05001,2021,45,2021-11-08,ALERTA_NARANJA,9.13,52.17,casos_ira_lag1,6.0,3.69791316986084
05001,2021,46,2021-11-15,ALERTA_ROJA,8.92,154.86,casos_ira_lag1,3.5,3.321383237838745
05001,2021,47,2021-11-22,ALERTA_ROJA,8.86,66.12,casos_ira_lag1,5.333333333333333,3.233950614929199
05001,2021,48,2021-11-29,ALERTA_VERDE,6.63,10.5,casos_ira_total,6.0,1.9509046077728271
05001,2021,49,2021-12-06,ALERTA_ROJA,9.01,93.07,casos_ira_lag1,4.666666666666667,3.2795050144195557
05001,2021,50,2021-12-13,ALERTA_NARANJA,10.79,43.87,casos_ira_total,7.5,2.320993423461914
05001,2021,51,2021-12-20,ALERTA_ROJA,12.49,97.21,casos_ira_lag1,6.333333333333333,4.219605922698975
05001,2021,52,2021-12-27,ALERTA_VERDE,10.21,20.12,casos_ira_lag1,8.5,3.10331654548645
05001,2022,1,2022-01-03,ALERTA_VERDE,6.54,-27.33,casos_ira_total,9.0,2.1881537437438965
05001,2022,2,2022-01-10,ALERTA_VERDE,9.2,20.0,casos_ira_lag1,7.666666666666667,2.933215856552124
05001,2022,3,2022-01-17,ALERTA_VERDE,6.38,6.33,casos_ira_total,6.0,1.7437036037445068
05001,2022,4,2022-01-24,ALERTA_VERDE,5.64,20.86,casos_ira_lag1,4.666666666666667,1.940228819847107
05001,2022,6,2022-02-07,ALERTA_VERDE,6.78,-11.57,casos_ira_total,7.666666666666667,1.8712934255599976
05001,2022,7,2022-02-14,ALERTA_VERDE,6.39,12.76,casos_ira_lag1,5.666666666666667,1.7509795427322388
05001,2022,8,2022-02-21,ALERTA_VERDE,5.08,-10.35,casos_ira_total,5.666666666666667,1.852245569229126
05001,2022,9,2022-02-28,ALERTA_VERDE,6.98,-4.82,casos_ira_lag1,7.333333333333333,1.7347640991210938
05001,2022,10,2022-03-07,ALERTA_VERDE,8.31,-10.96,casos_ira_lag1,9.333333333333334,2.4524028301239014
05001,2022,11,2022-03-14,ALERTA_VERDE,3.12,-50.74,media_hist_mun_sem,6.333333333333333,0.6885848641395569
05001,2022,12,2022-03-21,ALERTA_VERDE,5.12,-26.86,casos_ira_total,7.0,1.9295145273208618
05001,2022,13,2022-03-28,ALERTA_VERDE,6.44,28.8,casos_ira_total,5.0,1.4834167957305908
05001,2022,14,2022-04-04,ALERTA_VERDE,6.69,-8.77,casos_ira_lag1,7.333333333333333,1.519790768623352
05001,2022,15,2022-04-11,ALERTA_VERDE,8.12,1.5,casos_ira_lag1,8.0,1.6257519721984863
05001,2022,16,2022-04-18,ALERTA_VERDE,6.26,4.33,casos_ira_lag1,6.0,1.8463523387908936
05001,2022,17,2022-04-25,ALERTA_VERDE,4.24,-9.14,media_hist_mun_sem,4.666666666666667,0.9335336685180664
05001,2022,18,2022-05-02,ALERTA_VERDE,5.82,24.71,casos_ira_total,4.666666666666667,2.3858516216278076
05001,2022,19,2022-05-09,ALERTA_VERDE,7.45,11.75,casos_ira_lag1,6.666666666666667,1.9495593309402466
05001,2022,20,2022-05-16,ALERTA_VERDE,8.89,-1.22,casos_ira_lag1,9.0,3.488879680633545
05001,2022,21,2022-05-23,ALERTA_ROJA,8.82,76.4,casos_ira_total,5.0,2.0543558597564697
05001,2022,22,2022-05-30,ALERTA_VERDE,9.13,9.56,casos_ira_lag1,8.333333333333334,3.5781090259552
05001,2022,23,2022-06-06,ALERTA_VERDE,7.28,28.47,casos_ira_total,5.666666666666667,1.756762146949768
05001,2022,24,2022-06-13,ALERTA_VERDE,7.05,0.71,casos_ira_lag1,7.0,1.8624999523162842
05001,2022,25,2022-06-20,ALERTA_VERDE,7.32,9.8,casos_ira_total,6.666666666666667,1.9916400909423828
05001,2022,26,2022-06-27,ALERTA_VERDE,9.31,16.38,casos_ira_lag1,8.0,3.7871904373168945
05001,2022,27,2022-07-04,ALERTA_NARANJA,10.36,35.13,casos_ira_lag1,7.666666666666667,3.4273977279663086
05001,2022,28,2022-07-11,ALERTA_VERDE,8.12,-16.0,casos_ira_lag1,9.666666666666666,1.9829785823822021
05001,2022,29,2022-07-18,ALERTA_NARANJA,10.53,31.62,casos_ira_lag1,8.0,4.407815456390381
05001,2022,30,2022-07-25,ALERTA_VERDE,7.6,20.0,casos_ira_lag1,6.333333333333333,1.9356366395950317
05001,2022,31,2022-08-01,ALERTA_ROJA,9.31,210.33,casos_ira_lag1,3.0,2.2037527561187744
05001,2022,32,2022-08-08,ALERTA_NARANJA,7.27,36.31,casos_ira_lag1,5.333333333333333,1.9138681888580322
05001,2022,33,2022-08-15,ALERTA_ROJA,9.41,303.29,casos_ira_lag1,2.3333333333333335,2.4353368282318115
05001,2022,34,2022-08-22,ALERTA_ROJA,9.57,258.87,casos_ira_total,2.6666666666666665,2.2723429203033447
05001,2022,35,2022-08-29,ALERTA_ROJA,11.5,155.56,casos_ira_lag1,4.5,3.657292127609253
05001,2022,36,2022-09-05,ALERTA_ROJA,10.0,172.73,casos_ira_lag1,3.6666666666666665,3.6005725860595703
05001,2022,37,2022-09-12,ALERTA_VERDE,9.74,21.75,casos_ira_lag1,8.0,3.8268914222717285
05001,2022,38,2022-09-19,ALERTA_ROJA,6.11,205.5,casos_ira_lag1,2.0,2.602324962615967
05001,2022,39,2022-09-26,ALERTA_NARANJA,4.48,34.4,casos_ira_total,3.3333333333333335,1.6040674448013306
05001,2022,40,2022-10-03,ALERTA_ROJA,6.78,93.71,casos_ira_lag1,3.5,1.597192406654358
05001,2022,41,2022-10-10,ALERTA_VERDE,5.31,18.0,casos_ira_lag1,4.5,2.2005584239959717
05001,2022,42,2022-10-17,ALERTA_VERDE,3.37,12.33,media_hist_mun_sem,3.0,0.987738311290741
05001,2022,43,2022-10-24,ALERTA_VERDE,3.67,-18.44,media_hist_mun_sem,4.5,1.1169384717941284
05001,2022,44,2022-10-31,ALERTA_VERDE,3.96,-20.8,media_hist_mun_sem,5.0,1.1941967010498047
05001,2022,45,2022-11-07,ALERTA_VERDE,4.71,-21.5,casos_ira_total,6.0,1.842598557472229
05001,2022,46,2022-11-14,ALERTA_ROJA,7.85,124.29,casos_ira_lag1,3.5,1.8038218021392822
05001,2022,47,2022-11-21,ALERTA_NARANJA,7.46,39.88,casos_ira_total,5.333333333333333,1.786450982093811
05001,2022,48,2022-11-28,ALERTA_VERDE,4.82,-19.67,casos_ira_lag1,6.0,2.121189594268799
05001,2022,49,2022-12-05,ALERTA_NARANJA,7.0,50.0,casos_ira_total,4.666666666666667,2.4646265506744385
05001,2022,50,2022-12-12,ALERTA_VERDE,8.65,15.33,casos_ira_lag1,7.5,3.4106338024139404
05001,2022,51,2022-12-19,ALERTA_VERDE,5.76,-9.05,casos_ira_lag1,6.333333333333333,1.7240924835205078
05001,2022,52,2022-12-26,ALERTA_VERDE,3.84,-54.82,media_hist_mun_sem,8.5,1.4009459018707275
05001,2023,1,2023-01-02,ALERTA_VERDE,6.33,-29.67,casos_ira_total,9.0,2.4338088035583496
05001,2023,2,2023-01-09,ALERTA_VERDE,9.33,21.7,casos_ira_lag1,7.666666666666667,3.231579542160034
05001,2023,3,2023-01-16,ALERTA_VERDE,4.93,-17.83,casos_ira_lag1,6.0,2.0635719299316406
05001,2023,4,2023-01-23,ALERTA_VERDE,2.53,-45.79,media_hist_mun_sem,4.666666666666667,1.1400803327560425
05001,2023,5,2023-01-30,ALERTA_VERDE,6.22,24.4,casos_ira_total,5.0,2.0775060653686523
05001,2023,6,2023-02-06,ALERTA_VERDE,9.09,18.57,casos_ira_lag1,7.666666666666667,2.288924217224121
05001,2023,7,2023-02-13,ALERTA_VERDE,5.86,3.41,casos_ira_total,5.666666666666667,1.9164122343063354
05001,2023,8,2023-02-20,ALERTA_VERDE,4.52,-20.24,casos_ira_lag1,5.666666666666667,1.9262137413024902
05001,2023,9,2023-02-27,ALERTA_VERDE,5.86,-20.09,media_hist_mun_sem,7.333333333333333,2.3618290424346924
05001,2023,10,2023-03-06,ALERTA_VERDE,3.66,-60.79,media_hist_mun_sem,9.333333333333334,1.6193556785583496
05001,2023,11,2023-03-13,ALERTA_VERDE,4.94,-22.0,casos_ira_total,6.333333333333333,1.9801335334777832
05001,2023,12,2023-03-20,ALERTA_VERDE,6.61,-5.57,casos_ira_lag1,7.0,1.8710546493530273
05001,2023,13,2023-03-27,ALERTA_VERDE,5.61,12.2,casos_ira_lag1,5.0,1.9346275329589844
05001,2023,14,2023-04-03,ALERTA_VERDE,5.86,-20.09,casos_ira_total,7.333333333333333,1.8519701957702637
05001,2023,15,2023-04-10,ALERTA_VERDE,7.12,-11.0,casos_ira_lag1,8.0,2.024287223815918
05001,2023,16,2023-04-17,ALERTA_VERDE,4.63,-22.83,casos_ira_lag1,6.0,2.0373079776763916
05001,2023,17,2023-04-24,ALERTA_VERDE,4.92,5.43,casos_ira_total,4.666666666666667,1.9472442865371704
05001,2023,18,2023-05-01,ALERTA_ROJA,9.4,101.43,casos_ira_lag1,4.666666666666667,2.151634693145752
05001,2023,19,2023-05-08,ALERTA_VERDE,8.14,22.1,casos_ira_lag1,6.666666666666667,3.219336986541748
05001,2023,20,2023-05-15,ALERTA_VERDE,7.21,-19.89,casos_ira_lag1,9.0,2.015535831451416
05001,2023,21,2023-05-22,ALERTA_NARANJA,7.59,51.8,casos_ira_lag1,5.0,1.9086226224899292
05001,2023,22,2023-05-29,ALERTA_VERDE,8.34,0.08,casos_ira_lag1,8.333333333333334,2.7254250049591064
05001,2023,23,2023-06-05,ALERTA_NARANJA,8.42,48.59,casos_ira_lag1,5.666666666666667,3.234452962875366
05001,2023,24,2023-06-12,ALERTA_VERDE,6.46,-7.71,casos_ira_lag1,7.0,1.8264801502227783
05001,2023,25,2023-06-19,ALERTA_VERDE,7.48,12.2,casos_ira_lag1,6.666666666666667,1.7756882905960083
05001,2023,26,2023-06-26,ALERTA_VERDE,6.9,-13.75,casos_ira_lag1,8.0,2.402674674987793
05001,2023,27,2023-07-03,ALERTA_VERDE,5.24,-31.65,casos_ira_total,7.666666666666667,1.7488234043121338
05001,2023,28,2023-07-10,ALERTA_VERDE,7.55,-21.9,casos_ira_lag1,9.666666666666666,2.586191177368164
05001,2023,29,2023-07-17,ALERTA_VERDE,4.66,-41.75,casos_ira_total,8.0,1.7134865522384644
05001,2023,30,2023-07-24,ALERTA_VERDE,5.64,-10.95,casos_ira_lag1,6.333333333333333,1.9592945575714111
05001,2023,31,2023-07-31,ALERTA_ROJA,5.84,94.67,casos_ira_lag1,3.0,2.3048596382141113
05001,2023,32,2023-08-07,ALERTA_VERDE,4.12,-22.75,casos_ira_total,5.333333333333333,1.6481717824935913
05001,2023,33,2023-08-14,ALERTA_ROJA,5.17,121.57,casos_ira_lag1,2.3333333333333335,2.555370569229126
05001,2023,34,2023-08-21,ALERTA_VERDE,3.13,17.38,media_hist_mun_sem,2.6666666666666665,0.9519622921943665
05001,2023,35,2023-08-28,ALERTA_VERDE,3.07,-31.78,media_hist_mun_sem,4.5,0.9484872817993164
05001,2023,36,2023-09-04,ALERTA_VERDE,3.23,-11.91,media_hist_mun_sem,3.6666666666666665,0.973203182220459
05001,2023,37,2023-09-11,ALERTA_VERDE,3.72,-53.5,media_hist_mun_sem,8.0,1.4342068433761597
05001,2023,38,2023-09-18,ALERTA_NARANJA,2.68,34.0,casos_ira_total,2.0,1.8416420221328735
05001,2023,39,2023-09-25,ALERTA_ROJA,5.65,69.5,casos_ira_lag1,3.3333333333333335,2.1019721031188965
05001,2023,40,2023-10-02,ALERTA_VERDE,3.46,-1.14,media_hist_mun_sem,3.5,0.9466016292572021
05001,2023,41,2023-10-09,ALERTA_VERDE,3.15,-30.0,media_hist_mun_sem,4.5,0.9042584896087646
05001,2023,42,2023-10-16,ALERTA_ROJA,6.21,107.0,casos_ira_total,3.0,1.803386926651001
05001,2023,43,2023-10-23,ALERTA_VERDE,5.82,29.33,casos_ira_lag1,4.5,2.1503231525421143
05001,2023,44,2023-10-30,ALERTA_VERDE,5.35,7.0,casos_ira_total,5.0,1.6459368467330933
05001,2023,45,2023-11-06,ALERTA_VERDE,5.85,-2.5,casos_ira_lag1,6.0,1.656614899635315
05001,2023,46,2023-11-13,ALERTA_ROJA,5.66,61.71,casos_ira_lag1,3.5,2.092341423034668
05001,2023,47,2023-11-20,ALERTA_VERDE,4.91,-7.94,casos_ira_total,5.333333333333333,1.8285950422286987
05001,2023,48,2023-11-27,ALERTA_VERDE,5.73,-4.5,casos_ira_lag1,6.0,1.5817430019378662
05001,2023,49,2023-12-04,ALERTA_VERDE,6.06,29.86,casos_ira_lag1,4.666666666666667,1.4424794912338257
05001,2023,50,2023-12-11,ALERTA_VERDE,6.85,-8.67,casos_ira_lag1,7.5,2.0302188396453857
05001,2023,51,2023-12-18,ALERTA_VERDE,5.24,-17.26,casos_ira_total,6.333333333333333,1.784064769744873
05030,2019,22,2019-05-27,ALERTA_VERDE,1.37,-31.5,humedad_avg,2.0,0.047142717987298965
05030,2019,25,2019-06-17,ALERTA_VERDE,1.2,20.0,pm25_avg,1.0,0.03363186493515968
05030,2022,16,2022-04-18,ALERTA_VERDE,1.15,-23.33,pm25_avg,1.5,0.12029538303613663
05031,2018,23,2018-06-04,ALERTA_VERDE,1.04,4.0,humedad_avg,1.0,0.031681615859270096
05031,2023,33,2023-08-14,ALERTA_VERDE,1.04,4.0,pm25_avg,1.0,0.03397698327898979
05034,2018,1,2018-01-01,ALERTA_VERDE,1.04,4.0,semana_cos,1.0,0.14327749609947205
05034,2018,4,2018-01-22,ALERTA_VERDE,1.03,3.0,humedad_avg,1.0,0.030425041913986206
05034,2018,24,2018-06-11,ALERTA_VERDE,1.03,3.0,pm25_avg,1.0,0.0313577726483345
05034,2018,52,2018-12-24,ALERTA_VERDE,1.04,4.0,semana_cos,1.0,0.14688311517238617
05040,2019,20,2019-05-13,ALERTA_VERDE,1.0,0.0,humedad_avg,1.0,0.03146885335445404
05040,2020,14,2020-03-30,ALERTA_VERDE,1.0,0.0,humedad_avg,1.0,0.030631182715296745
05040,2022,21,2022-05-23,ALERTA_VERDE,1.0,0.0,humedad_avg,1.0,0.03146885335445404
05040,2023,28,2023-07-10,ALERTA_VERDE,1.04,4.0,pm25_avg,1.0,0.03160315752029419
05042,2019,20,2019-05-13,ALERTA_VERDE,1.01,1.0,icv_score,1.0,0.0022435374557971954
05042,2019,24,2019-06-10,ALERTA_VERDE,1.04,4.0,semana_sin,1.0,0.023130809888243675
05042,2021,26,2021-06-28,ALERTA_VERDE,1.05,5.0,pm25_avg,1.0,0.03460993617773056
05042,2023,6,2023-02-06,ALERTA_VERDE,1.12,12.0,humedad_avg,1.0,0.04930904880166054
05042,2023,18,2023-05-01,ALERTA_VERDE,1.0,0.0,humedad_avg,1.0,0.031158829107880592
05042,2023,25,2023-06-19,ALERTA_VERDE,1.06,6.0,pm25_avg,1.0,0.033963676542043686
05044,2019,31,2019-07-29,ALERTA_VERDE,1.04,4.0,pm25_avg,1.0,0.0329536534845829
05044,2020,1,2019-12-30,ALERTA_VERDE,1.04,4.0,semana_cos,1.0,0.14564919471740723
05044,2022,17,2022-04-25,ALERTA_VERDE,1.0,0.0,humedad_avg,1.0,0.030035389587283134
05045,2018,3,2018-01-15,ALERTA_VERDE,1.04,4.0,pm25_avg,1.0,0.0321347676217556
05045,2019,2,2019-01-07,ALERTA_VERDE,1.04,4.0,semana_cos,1.0,0.06458938866853714
05045,2019,31,2019-07-29,ALERTA_VERDE,1.04,4.0,pm25_avg,1.0,0.0329536534845829
05045,2019,32,2019-08-05,ALERTA_VERDE,1.04,4.0,pm25_avg,1.0,0.03397698327898979
05045,2019,35,2019-08-26,ALERTA_VERDE,1.04,4.0,pm25_avg,1.0,0.03397698327898979
05045,2020,27,2020-06-29,ALERTA_VERDE,1.06,6.0,pm25_avg,1.0,0.034850891679525375
05051,2019,20,2019-05-13,ALERTA_VERDE,1.0,0.0,humedad_avg,1.0,0.03146885335445404
05055,2022,45,2022-11-07,ALERTA_VERDE,1.04,0.0,pm25_avg,,0.033143676817417145
05079,2018,4,2018-01-22,ALERTA_VERDE,1.03,3.0,humedad_avg,1.0,0.03121660090982914
05079,2018,25,2018-06-18,ALERTA_VERDE,1.06,6.0,humedad_avg,1.0,0.032718416303396225
05079,2019,3,2019-01-14,ALERTA_VERDE,1.04,4.0,humedad_avg,1.0,0.03475387394428253
05079,2019,4,2019-01-21,ALERTA_VERDE,1.04,4.0,humedad_avg,1.0,0.034400638192892075
05079,2019,18,2019-04-29,ALERTA_VERDE,0.99,-1.0,humedad_avg,1.0,0.03311166912317276
05079,2022,29,2022-07-18,ALERTA_VERDE,1.04,4.0,humedad_avg,1.0,0.032718416303396225
05079,2022,32,2022-08-08,ALERTA_ROJA,2.07,107.0,desviacion_vs_historico,1.0,0.6392078399658203
05079,2023,3,2023-01-16,ALERTA_VERDE,1.18,18.0,humedad_avg,1.0,0.036784689873456955
05079,2023,12,2023-03-20,ALERTA_NARANJA,1.47,47.0,pm25_avg,1.0,0.3614290654659271
05079,2023,18,2023-05-01,ALERTA_NARANJA,1.36,36.0,pm25_lag1,1.0,0.5307492017745972
05079,2023,43,2023-10-23,ALERTA_VERDE,1.04,4.0,pm25_avg,1.0,0.06408262252807617
05088,2018,9,2018-02-26,ALERTA_VERDE,1.12,12.0,pm25_avg,1.0,0.072278693318367
05088,2018,15,2018-04-09,ALERTA_VERDE,0.97,-35.33,icv_score,1.5,0.0022435374557971954
05088,2018,18,2018-04-30,ALERTA_VERDE,0.9,-40.0,semana_sin,1.5,0.005725713912397623
05088,2018,20,2018-05-14,ALERTA_VERDE,1.41,-29.5,desviacion_vs_historico,2.0,0.5541216731071472
05088,2018,21,2018-05-21,ALERTA_VERDE,1.2,-20.0,pm25_lag1,1.5,0.13835065066814423
05088,2018,22,2018-05-28,ALERTA_VERDE,1.05,5.0,pm25_avg,1.0,0.06291762739419937
05088,2018,24,2018-06-11,ALERTA_VERDE,1.42,-29.0,humedad_avg,2.0,0.07382088899612427
05088,2018,27,2018-07-02,ALERTA_NARANJA,2.13,42.0,pm25_lag1,1.5,0.23626264929771423
05088,2018,28,2018-07-09,ALERTA_VERDE,1.95,-51.25,media_hist_mun_sem,4.0,0.7705256938934326
05088,2018,31,2018-07-30,ALERTA_NARANJA,1.46,46.0,pm25_lag1,1.0,0.14734363555908203
05088,2018,33,2018-08-13,ALERTA_NARANJA,1.5,50.0,pm25_lag1,1.0,0.22641324996948242
05088,2018,34,2018-08-20,ALERTA_VERDE,1.43,-4.67,pm25_avg,1.5,0.0572977140545845
05088,2018,35,2018-08-27,ALERTA_VERDE,1.23,23.0,pm25_avg,1.0,0.05976758524775505
05088,2018,37,2018-09-10,ALERTA_VERDE,1.43,-4.67,pm25_avg,1.5,0.058271780610084534
05088,2018,38,2018-09-17,ALERTA_NARANJA,1.38,38.0,pm25_avg,1.0,0.11070246249437332
05088,2018,40,2018-10-01,ALERTA_NARANJA,1.59,59.0,pm25_lag1,1.0,0.18480367958545685
05088,2018,41,2018-10-08,ALERTA_VERDE,1.39,-44.4,pm25_avg,2.5,0.0269633699208498
05088,2018,46,2018-11-12,ALERTA_VERDE,1.58,5.33,pm25_lag1,1.5,0.28568601608276367
05088,2018,47,2018-11-19,ALERTA_VERDE,1.45,-27.5,pm25_avg,2.0,0.10254103690385818
05088,2018,48,2018-11-26,ALERTA_VERDE,1.23,-18.0,pm25_avg,1.5,0.10629380494356155
05088,2018,49,2018-12-03,ALERTA_VERDE,1.04,4.0,humedad_avg,1.0,0.06091495230793953
05088,2018,50,2018-12-10,ALERTA_NARANJA,1.49,49.0,pm25_lag1,1.0,0.2718476355075836
05088,2019,1,2018-12-31,ALERTA_VERDE,1.2,20.0,semana_cos,1.0,0.14926205575466156
05088,2019,2,2019-01-07,ALERTA_NARANJA,1.49,49.0,pm25_lag1,1.0,0.1901974231004715
05088,2019,3,2019-01-14,ALERTA_VERDE,0.76,-62.0,desviacion_vs_historico,2.0,0.1741020530462265
05088,2019,5,2019-01-28,ALERTA_NARANJA,1.45,45.0,pm25_lag1,1.0,0.23644961416721344
05088,2019,6,2019-02-04,ALERTA_VERDE,1.28,-36.0,desviacion_vs_historico,2.0,0.05252276733517647
05088,2019,8,2019-02-18,ALERTA_VERDE,1.17,17.0,pm25_avg,1.0,0.0810394287109375
05088,2019,10,2019-03-04,ALERTA_VERDE,1.29,-35.5,desviacion_vs_historico,2.0,0.3046474754810333
05088,2019,11,2019-03-11,ALERTA_VERDE,0.82,-59.0,icv_score,2.0,0.0022435374557971954
05088,2019,13,2019-03-25,ALERTA_NARANJA,1.39,39.0,pm25_lag1,1.0,0.4240480959415436
05088,2019,14,2019-04-01,ALERTA_VERDE,1.19,19.0,pm25_avg,1.0,0.14573100209236145
05088,2019,16,2019-04-15,ALERTA_VERDE,1.76,-12.0,pm25_lag1,2.0,0.18685877323150635
05088,2019,17,2019-04-22,ALERTA_VERDE,2.54,-15.33,media_hist_mun_sem,3.0,0.819431483745575
05088,2019,18,2019-04-29,ALERTA_VERDE,1.94,29.33,pm25_avg,1.5,0.08198391646146774
05088,2019,19,2019-05-06,ALERTA_VERDE,1.75,-12.5,pm25_lag1,2.0,0.22335511445999146
05088,2019,20,2019-05-13,ALERTA_VERDE,1.78,-11.0,pm25_avg,2.0,0.081727534532547
05088,2019,21,2019-05-20,ALERTA_VERDE,1.69,12.67,pm25_avg,1.5,0.1083626076579094
05088,2019,22,2019-05-27,ALERTA_VERDE,1.11,11.0,semana_sin,1.0,0.02518041990697384
05088,2019,23,2019-06-03,ALERTA_VERDE,1.44,-28.0,humedad_avg,2.0,0.08983786404132843
05088,2019,25,2019-06-17,ALERTA_VERDE,1.82,-9.0,pm25_lag1,2.0,0.24318677186965942
05088,2019,26,2019-06-24,ALERTA_VERDE,1.28,28.0,pm25_avg,1.0,0.10439605265855789
05088,2019,27,2019-07-01,ALERTA_VERDE,1.4,-6.67,pm25_lag1,1.5,0.18616820871829987
05088,2019,30,2019-07-22,ALERTA_VERDE,1.53,-23.5,pm25_lag1,2.0,0.20269893109798431
05088,2019,32,2019-08-05,ALERTA_VERDE,1.89,-5.5,pm25_lag1,2.0,0.5666159987449646
05088,2019,33,2019-08-12,ALERTA_NARANJA,1.33,33.0,pm25_avg,1.0,0.10508085042238235
05088,2019,34,2019-08-19,ALERTA_VERDE,1.14,-24.0,pm25_avg,1.5,0.037004679441452026
05088,2019,35,2019-08-26,ALERTA_NARANJA,1.53,53.0,pm25_lag1,1.0,0.2646225690841675
05088,2019,37,2019-09-09,ALERTA_VERDE,1.12,-25.33,pm25_avg,1.5,0.05754310265183449
05088,2019,40,2019-09-30,ALERTA_VERDE,0.81,-19.0,humedad_avg,1.0,0.04852961003780365
05088,2019,41,2019-10-07,ALERTA_VERDE,1.4,-44.0,pm25_lag1,2.5,0.5602120757102966
05088,2019,46,2019-11-11,ALERTA_NARANJA,2.13,42.0,pm25_lag1,1.5,0.6887136697769165
05088,2019,47,2019-11-18,ALERTA_VERDE,1.61,-19.5,pm25_avg,2.0,0.10188344866037369
05088,2019,48,2019-11-25,ALERTA_VERDE,1.53,2.0,humedad_avg,1.5,0.07167933136224747
05088,2019,50,2019-12-09,ALERTA_VERDE,1.2,20.0,semana_cos,1.0,0.06703830510377884
05088,2019,51,2019-12-16,ALERTA_VERDE,3.32,-17.0,media_hist_mun_sem,4.0,1.1678744554519653
05088,2019,52,2019-12-23,ALERTA_VERDE,1.72,-14.0,semana_cos,2.0,0.11761777848005295
05088,2020,1,2019-12-30,ALERTA_ROJA,1.89,89.0,semana_cos,1.0,0.30135998129844666
05088,2020,3,2020-01-13,ALERTA_VERDE,1.4,-30.0,pm25_avg,2.0,0.12584395706653595
05088,2020,4,2020-01-20,ALERTA_VERDE,1.19,19.0,pm25_avg,1.0,0.05916903167963028
05088,2020,6,2020-02-03,ALERTA_VERDE,1.12,-44.0,desviacion_vs_historico,2.0,0.21050791442394257
05088,2020,8,2020-02-17,ALERTA_ROJA,1.66,66.0,pm25_lag1,1.0,0.24755236506462097
05088,2020,10,2020-03-02,ALERTA_VERDE,1.68,-16.0,pm25_lag1,2.0,0.2563311457633972
05088,2020,15,2020-04-06,ALERTA_VERDE,1.73,15.33,pm25_lag1,1.5,0.06831125915050507
05088,2022,11,2022-03-14,ALERTA_VERDE,1.37,-31.5,desviacion_vs_historico,2.0,0.24819917976856232
05088,2022,13,2022-03-28,ALERTA_ROJA,1.93,93.0,pm25_lag1,1.0,0.6905259490013123
05088,2022,14,2022-04-04,ALERTA_VERDE,1.08,8.0,icv_score,1.0,0.0022435374557971954
05088,2022,15,2022-04-11,ALERTA_VERDE,1.14,-24.0,pm25_avg,1.5,0.02179783210158348
05088,2022,16,2022-04-18,ALERTA_VERDE,1.3,-35.0,desviacion_vs_historico,2.0,0.29277175664901733
05088,2022,18,2022-05-02,ALERTA_VERDE,1.07,-28.67,icv_score,1.5,0.0022435374557971954
05088,2022,19,2022-05-09,ALERTA_VERDE,1.04,-48.0,desviacion_vs_historico,2.0,0.1741940826177597
05088,2022,20,2022-05-16,ALERTA_VERDE,1.12,-44.0,icv_score,2.0,0.0022435374557971954
05088,2022,21,2022-05-23,ALERTA_NARANJA,2.08,38.67,desviacion_vs_historico,1.5,0.6974455714225769
05088,2022,23,2022-06-06,ALERTA_VERDE,1.5,-25.0,pm25_avg,2.0,0.048647478222846985
05088,2022,25,2022-06-20,ALERTA_VERDE,1.59,-20.5,desviacion_vs_historico,2.0,0.10343927890062332
05088,2022,26,2022-06-27,ALERTA_VERDE,1.22,22.0,semana_sin,1.0,0.01876947656273842
05088,2022,27,2022-07-04,ALERTA_VERDE,1.24,-17.33,semana_sin,1.5,0.004020024556666613
05088,2022,30,2022-07-25,ALERTA_VERDE,1.2,-40.0,desviacion_vs_historico,2.0,0.16774891316890717
05088,2022,31,2022-08-01,ALERTA_VERDE,1.11,11.0,semana_sin,1.0,0.016568657010793686
05088,2022,32,2022-08-08,ALERTA_VERDE,1.28,-36.0,semana_sin,2.0,0.0028142468072474003
05088,2022,33,2022-08-15,ALERTA_ROJA,2.21,121.0,desviacion_vs_historico,1.0,0.7009723782539368
05088,2022,34,2022-08-22,ALERTA_VERDE,1.24,-17.33,pm25_avg,1.5,0.05600273236632347
05088,2022,36,2022-09-05,ALERTA_VERDE,1.54,-3.37,semana_sin,1.59375,0.052808526903390884
05088,2022,40,2022-10-03,ALERTA_NARANJA,1.35,35.0,pm25_avg,1.0,0.08510557562112808
05088,2022,45,2022-11-07,ALERTA_VERDE,1.05,-34.12,pm25_avg,1.59375,0.07968807220458984
05088,2022,46,2022-11-14,ALERTA_VERDE,1.4,-6.67,pm25_avg,1.5,0.1496059149503708
05088,2022,47,2022-11-21,ALERTA_VERDE,1.24,-38.0,desviacion_vs_historico,2.0,0.16196320950984955
05088,2022,48,2022-11-28,ALERTA_VERDE,1.11,-26.0,pm25_avg,1.5,0.10827479511499405
05088,2022,51,2022-12-19,ALERTA_VERDE,2.65,-33.75,media_hist_mun_sem,4.0,1.127199649810791
05088,2023,1,2023-01-02,ALERTA_NARANJA,1.58,58.0,semana_cos,1.0,0.3456573486328125
05088,2023,2,2023-01-09,ALERTA_VERDE,1.11,11.0,pm25_avg,1.0,0.10837829858064651
05088,2023,4,2023-01-23,ALERTA_VERDE,1.11,11.0,pm25_avg,1.0,0.052947696298360825
05088,2023,9,2023-02-27,ALERTA_VERDE,1.23,23.0,pm25_avg,1.0,0.11666712909936905
05088,2023,10,2023-03-06,ALERTA_VERDE,1.62,-19.0,pm25_lag1,2.0,0.2087298333644867
05088,2023,12,2023-03-20,ALERTA_VERDE,1.31,-17.8,humedad_avg,1.59375,0.07962013781070709
05088,2023,14,2023-04-03,ALERTA_NARANJA,1.42,42.0,pm25_lag1,1.0,0.46349358558654785
05088,2023,15,2023-04-10,ALERTA_VERDE,0.91,-39.33,pm25_lag1,1.5,0.013159367255866528
05088,2023,18,2023-05-01,ALERTA_VERDE,1.12,-25.33,pm25_avg,1.5,0.08559718728065491
05088,2023,19,2023-05-08,ALERTA_VERDE,1.11,-44.5,desviacion_vs_historico,2.0,0.19668184220790863
05088,2023,21,2023-05-22,ALERTA_VERDE,1.07,-28.67,pm25_avg,1.5,0.09715375304222107
05088,2023,32,2023-08-07,ALERTA_VERDE,1.15,-42.5,desviacion_vs_historico,2.0,0.20178425312042236
05088,2023,35,2023-08-28,ALERTA_VERDE,1.11,11.0,pm25_avg,1.0,0.05808187648653984
05088,2023,42,2023-10-16,ALERTA_VERDE,1.23,-22.82,desviacion_vs_historico,1.59375,0.12502358853816986
05088,2023,48,2023-11-27,ALERTA_VERDE,1.45,-3.33,pm25_avg,1.5,0.15081502497196198
05088,2023,49,2023-12-04,ALERTA_VERDE,1.23,23.0,pm25_avg,1.0,0.05786202847957611
05101,2018,31,2018-07-30,ALERTA_VERDE,1.04,4.0,pm25_avg,1.0,0.0321049690246582
05101,2018,46,2018-11-12,ALERTA_VERDE,1.09,9.0,humedad_avg,1.0,0.05839152634143829
05107,2018,40,2018-10-01,ALERTA_VERDE,1.15,15.0,pm25_avg,1.0,0.0330372154712677
05107,2019,50,2019-12-09,ALERTA_VERDE,1.04,4.0,semana_cos,1.0,0.06458938866853714
05113,2020,14,2020-03-30,ALERTA_VERDE,1.0,0.0,humedad_avg,1.0,0.030631182715296745
05120,2018,43,2018-10-22,ALERTA_VERDE,1.04,4.0,pm25_avg,1.0,0.033143676817417145
05120,2018,45,2018-11-05,ALERTA_VERDE,1.04,4.0,pm25_avg,1.0,0.033143676817417145
05129,2018,6,2018-02-05,ALERTA_VERDE,0.99,-1.0,humedad_avg,1.0,0.03165807947516441
05129,2018,47,2018-11-19,ALERTA_VERDE,0.99,-1.0,humedad_avg,1.0,0.04411693289875984
05129,2019,16,2019-04-15,ALERTA_VERDE,1.19,19.0,pm25_lag1,1.0,0.12692545354366302
05129,2019,19,2019-05-06,ALERTA_VERDE,0.99,-1.0,pm25_avg,1.0,0.012589273042976856
05129,2019,20,2019-05-13,ALERTA_VERDE,0.99,-1.0,pm25_avg,1.0,0.01346022542566061
05129,2019,21,2019-05-20,ALERTA_VERDE,0.99,-1.0,pm25_avg,1.0,0.01346022542566061
05129,2020,3,2020-01-13,ALERTA_VERDE,1.03,3.0,pm25_avg,1.0,0.034794121980667114
05129,2020,6,2020-02-03,ALERTA_VERDE,0.74,-26.0,semana_sin,1.0,0.04000698775053024
05129,2022,14,2022-04-04,ALERTA_VERDE,1.05,5.0,pm25_lag1,1.0,0.0843506008386612
05129,2022,24,2022-06-13,ALERTA_VERDE,1.05,5.0,pm25_avg,1.0,0.0656292662024498
05138,2018,47,2018-11-19,ALERTA_VERDE,1.04,4.0,pm25_avg,1.0,0.03276217356324196
05138,2019,12,2019-03-18,ALERTA_VERDE,1.01,1.0,icv_score,1.0,0.0022435374557971954
05147,2019,21,2019-05-20,ALERTA_VERDE,1.0,0.0,pm25_avg,1.0,0.01346022542566061
05148,2018,27,2018-07-02,ALERTA_VERDE,1.05,5.0,pm25_avg,1.0,0.034850891679525375
05148,2018,30,2018-07-23,ALERTA_VERDE,1.03,3.0,pm25_avg,1.0,0.0329536534845829
05148,2018,34,2018-08-20,ALERTA_VERDE,1.03,3.0,pm25_avg,1.0,0.03397698327898979
05148,2018,46,2018-11-12,ALERTA_VERDE,1.03,3.0,pm25_avg,1.0,0.033143676817417145
05148,2018,49,2018-12-03,ALERTA_VERDE,1.03,3.0,pm25_avg,1.0,0.034538671374320984
05148,2022,48,2022-11-28,ALERTA_VERDE,1.03,3.0,pm25_avg,1.0,0.032120343297719955
05148,2023,40,2023-10-02,ALERTA_VERDE,1.14,14.0,pm25_avg,1.0,0.0330372154712677
05154,2018,30,2018-07-23,ALERTA_VERDE,1.04,4.0,pm25_avg,1.0,0.0329536534845829
05154,2019,15,2019-04-08,ALERTA_VERDE,1.01,1.0,icv_score,1.0,0.0022435374557971954
05154,2019,25,2019-06-17,ALERTA_VERDE,1.06,6.0,humedad_avg,1.0,0.0342928022146225
05154,2019,26,2019-06-24,ALERTA_VERDE,1.06,6.0,humedad_avg,1.0,0.0342928022146225
05154,2019,32,2019-08-05,ALERTA_VERDE,1.04,4.0,icv_score,1.0,0.0022435374557971954
05154,2019,37,2019-09-09,ALERTA_VERDE,1.04,4.0,icv_score,1.0,0.0022435374557971954
05154,2020,6,2020-02-03,ALERTA_VERDE,0.99,-1.0,semana_cos,1.0,0.0273399967700243
05154,2020,15,2020-04-06,ALERTA_VERDE,1.0,0.0,pm25_avg,1.0,0.0022718964610248804
05172,2018,35,2018-08-27,ALERTA_VERDE,1.04,4.0,pm25_avg,1.0,0.03461882099509239
05172,2019,3,2019-01-14,ALERTA_VERDE,1.04,4.0,pm25_avg,1.0,0.0327766016125679
05172,2020,27,2020-06-29,ALERTA_VERDE,1.06,6.0,pm25_avg,1.0,0.03549272194504738
05190,2018,30,2018-07-23,ALERTA_VERDE,1.04,4.0,pm25_avg,1.0,0.0329536534845829
05190,2019,35,2019-08-26,ALERTA_VERDE,1.04,4.0,pm25_avg,1.0,0.03397698327898979
05206,2019,1,2018-12-31,ALERTA_VERDE,1.04,4.0,semana_cos,1.0,0.14564919471740723
05206,2020,5,2020-01-27,ALERTA_VERDE,1.0,0.0,humedad_avg,1.0,0.03123694472014904
05212,2018,6,2018-02-05,ALERTA_VERDE,1.41,-29.5,humedad_avg,2.0,0.1148742288351059
05212,2018,29,2018-07-16,ALERTA_VERDE,1.27,27.0,pm25_avg,1.0,0.11051901429891586
05212,2018,48,2018-11-26,ALERTA_NARANJA,1.35,35.0,pm25_lag1,1.0,0.17649081349372864
05212,2019,13,2019-03-25,ALERTA_VERDE,1.26,-37.0,ninguna,2.0,0.0
05212,2019,20,2019-05-13,ALERTA_VERDE,1.14,14.0,ninguna,1.0,0.0
05212,2019,24,2019-06-10,ALERTA_VERDE,1.04,4.0,pm25_avg,1.0,0.06190629303455353
05212,2019,32,2019-08-05,ALERTA_VERDE,1.1,10.0,pm25_avg,1.0,0.012322980910539627
05212,2019,34,2019-08-19,ALERTA_VERDE,1.1,10.0,pm25_avg,1.0,0.11297886818647385
05212,2019,37,2019-09-09,ALERTA_VERDE,1.1,10.0,pm25_avg,1.0,0.08525913208723068
05212,2019,41,2019-10-07,ALERTA_VERDE,1.07,7.0,pm25_avg,1.0,0.06363871693611145
05212,2022,49,2022-12-05,ALERTA_VERDE,1.16,-3.33,pm25_avg,1.2,0.1110323965549469
05212,2023,21,2023-05-22,ALERTA_VERDE,1.12,-6.67,pm25_avg,1.2,0.06623745709657669
05234,2018,7,2018-02-12,ALERTA_VERDE,1.0,0.0,humedad_avg,1.0,0.031158829107880592
05234,2018,23,2018-06-04,ALERTA_VERDE,1.04,4.0,humedad_avg,1.0,0.031681615859270096
05234,2018,41,2018-10-08,ALERTA_VERDE,1.04,4.0,pm25_avg,1.0,0.0330372154712677
05234,2019,11,2019-03-11,ALERTA_VERDE,1.01,1.0,icv_score,1.0,0.0022435374557971954
05234,2019,29,2019-07-15,ALERTA_VERDE,1.04,4.0,semana_sin,1.0,0.014094267040491104
05234,2019,30,2019-07-22,ALERTA_VERDE,1.04,4.0,semana_sin,1.0,0.015174001455307007
05234,2019,34,2019-08-19,ALERTA_VERDE,1.04,4.0,icv_score,1.0,0.0022435374557971954
05234,2020,4,2020-01-20,ALERTA_VERDE,1.04,4.0,semana_sin,1.0,0.026121044531464577
05234,2023,22,2023-05-29,ALERTA_VERDE,1.03,3.0,humedad_avg,1.0,0.03302289545536041
05234,2023,43,2023-10-23,ALERTA_VERDE,1.04,4.0,pm25_avg,1.0,0.033143676817417145
05237,2018,22,2018-05-28,ALERTA_VERDE,1.15,15.0,pm25_avg,1.0,0.051437705755233765
05237,2019,25,2019-06-17,ALERTA_VERDE,1.42,-29.0,humedad_avg,2.0,0.044161368161439896
05237,2019,31,2019-07-29,ALERTA_VERDE,1.18,18.0,humedad_avg,1.0,0.032788947224617004
05237,2019,32,2019-08-05,ALERTA_VERDE,1.03,3.0,pm25_avg,1.0,0.03397698327898979
05240,2019,51,2019-12-16,ALERTA_VERDE,1.04,4.0,semana_cos,1.0,0.14564919471740723
05250,2019,6,2019-02-04,ALERTA_VERDE,1.0,0.0,humedad_avg,1.0,0.03146885335445404
05250,2019,26,2019-06-24,ALERTA_VERDE,0.68,-32.0,humedad_avg,1.0,0.059381552040576935
05250,2022,17,2022-04-25,ALERTA_NARANJA,1.36,36.0,pm25_lag1,1.0,0.5341970324516296
05250,2022,30,2022-07-25,ALERTA_VERDE,1.03,3.0,humedad_avg,1.0,0.032332517206668854
05250,2022,38,2022-09-19,ALERTA_VERDE,1.15,15.0,pm25_avg,1.0,0.03397698327898979
05250,2023,28,2023-07-10,ALERTA_VERDE,1.04,4.0,pm25_avg,1.0,0.03160315752029419
05264,2019,22,2019-05-27,ALERTA_VERDE,1.04,4.0,semana_sin,1.0,0.02518041990697384
05264,2019,27,2019-07-01,ALERTA_VERDE,1.12,12.0,humedad_avg,1.0,0.0267010685056448
05264,2020,6,2020-02-03,ALERTA_VERDE,1.04,4.0,humedad_avg,1.0,0.06124432012438774
05264,2020,11,2020-03-09,ALERTA_VERDE,0.99,-1.0,icv_seg_social,1.0,0.005915431305766106
05264,2022,31,2022-08-01,ALERTA_VERDE,1.03,3.0,pm25_avg,1.0,0.0329536534845829
05264,2022,33,2022-08-15,ALERTA_VERDE,1.03,3.0,pm25_avg,1.0,0.03397698327898979
05266,2018,18,2018-04-30,ALERTA_VERDE,1.0,0.0,humedad_avg,1.0,0.032768476754426956
05266,2018,24,2018-06-11,ALERTA_VERDE,1.05,5.0,pm25_avg,1.0,0.06477031856775284
05266,2018,26,2018-06-25,ALERTA_NARANJA,1.38,38.0,pm25_lag1,1.0,0.2075224220752716
05266,2018,27,2018-07-02,ALERTA_VERDE,0.99,-1.0,humedad_avg,1.0,0.021574709564447403
05266,2019,3,2019-01-14,ALERTA_VERDE,1.05,5.0,humedad_avg,1.0,0.03585030883550644
05266,2019,10,2019-03-04,ALERTA_VERDE,0.98,-2.0,pm25_avg,1.0,0.032040972262620926
05266,2019,13,2019-03-25,ALERTA_VERDE,0.94,-6.0,icv_seg_social,1.0,0.005915431305766106
05266,2019,14,2019-04-01,ALERTA_VERDE,1.0,0.0,icv_seg_social,1.0,0.005915431305766106
05266,2019,15,2019-04-08,ALERTA_VERDE,1.0,0.0,icv_seg_social,1.0,0.005915431305766106
05266,2019,25,2019-06-17,ALERTA_VERDE,1.05,5.0,pm25_avg,1.0,0.09557285159826279
05266,2019,31,2019-07-29,ALERTA_VERDE,1.04,4.0,semana_sin,1.0,0.01692202128469944
05266,2019,46,2019-11-11,ALERTA_VERDE,1.04,4.0,semana_cos,1.0,0.017905158922076225
05266,2019,49,2019-12-02,ALERTA_VERDE,1.04,4.0,semana_sin,1.0,0.014541261829435825
05266,2020,8,2020-02-17,ALERTA_VERDE,1.08,8.0,semana_sin,1.0,0.07274194061756134
05266,2022,23,2022-06-06,ALERTA_NARANJA,1.3,30.0,pm25_lag1,1.0,0.1400230973958969
05266,2022,37,2022-09-12,ALERTA_VERDE,1.04,4.0,icv_seg_social,1.0,0.005915431305766106
05266,2022,45,2022-11-07,ALERTA_VERDE,1.04,4.0,humedad_avg,1.0,0.033942170441150665
05266,2023,11,2023-03-13,ALERTA_VERDE,1.0,0.0,pm25_avg,1.0,0.062299467623233795
05266,2023,15,2023-04-10,ALERTA_VERDE,0.99,-1.0,humedad_avg,1.0,0.03368046507239342
05266,2023,18,2023-05-01,ALERTA_VERDE,1.0,0.0,pm25_avg,1.0,0.06582937389612198
05266,2023,19,2023-05-08,ALERTA_VERDE,0.92,-8.0,humedad_avg,1.0,0.024484822526574135
05266,2023,24,2023-06-12,ALERTA_VERDE,1.05,5.0,humedad_avg,1.0,0.03615131229162216
05266,2023,29,2023-07-17,ALERTA_VERDE,1.04,4.0,humedad_avg,1.0,0.03448202833533287
05266,2023,38,2023-09-18,ALERTA_VERDE,1.15,15.0,pm25_avg,1.0,0.09674499928951263
05266,2023,44,2023-10-30,ALERTA_VERDE,1.04,4.0,pm25_avg,1.0,0.06529118865728378
05282,2019,44,2019-10-28,ALERTA_VERDE,1.05,5.0,humedad_avg,1.0,0.0310810636729002
05284,2018,22,2018-05-28,ALERTA_VERDE,1.04,4.0,humedad_avg,1.0,0.03125928342342377
05284,2019,8,2019-02-18,ALERTA_VERDE,1.0,0.0,humedad_avg,1.0,0.031158829107880592
05284,2019,12,2019-03-18,ALERTA_VERDE,1.0,0.0,humedad_avg,1.0,0.030631182715296745
05284,2019,32,2019-08-05,ALERTA_VERDE,1.04,4.0,pm25_avg,1.0,0.03397698327898979
05284,2019,42,2019-10-14,ALERTA_VERDE,1.04,4.0,pm25_avg,1.0,0.0330372154712677
05284,2019,50,2019-12-09,ALERTA_VERDE,1.04,4.0,semana_cos,1.0,0.06458938866853714
05284,2020,8,2020-02-17,ALERTA_VERDE,1.0,0.0,humedad_avg,1.0,0.031158829107880592
05284,2020,27,2020-06-29,ALERTA_VERDE,1.06,6.0,pm25_avg,1.0,0.034850891679525375
05284,2022,52,2022-12-26,ALERTA_VERDE,1.04,4.0,semana_cos,1.0,0.14564919471740723
05284,2023,16,2023-04-17,ALERTA_VERDE,1.0,0.0,humedad_avg,1.0,0.030631182715296745
05306,2023,28,2023-07-10,ALERTA_VERDE,1.04,0.0,pm25_avg,,0.03160315752029419
05308,2018,5,2018-01-29,ALERTA_VERDE,0.98,-2.0,pm25_avg,1.0,0.04267324134707451
05308,2018,48,2018-11-26,ALERTA_VERDE,1.05,5.0,semana_sin,1.0,0.01692202128469944
05308,2019,10,2019-03-04,ALERTA_VERDE,1.06,6.0,pm25_avg,1.0,0.08317280560731888
05308,2019,17,2019-04-22,ALERTA_VERDE,0.92,-8.0,icv_seg_social,1.0,0.005915431305766106
05308,2019,28,2019-07-08,ALERTA_VERDE,1.17,17.0,humedad_avg,1.0,0.10073665529489517
05308,2019,30,2019-07-22,ALERTA_VERDE,1.1,10.0,semana_sin,1.0,0.01612166315317154
05308,2019,33,2019-08-12,ALERTA_VERDE,1.1,10.0,pm25_avg,1.0,0.01649009808897972
05308,2019,39,2019-09-23,ALERTA_VERDE,1.15,15.0,pm25_avg,1.0,0.09589631855487823
05308,2020,1,2019-12-30,ALERTA_VERDE,1.62,-19.0,semana_cos,2.0,0.3080384433269501
05308,2020,13,2020-03-23,ALERTA_VERDE,0.76,-24.0,semana_sin,1.0,0.04117080941796303
05308,2022,23,2022-06-06,ALERTA_NARANJA,1.59,44.55,pm25_lag1,1.1,0.28935468196868896
05318,2018,45,2018-11-05,ALERTA_VERDE,1.03,3.0,pm25_avg,1.0,0.033143676817417145
05318,2018,47,2018-11-19,ALERTA_VERDE,1.03,3.0,pm25_avg,1.0,0.032120343297719955
05318,2019,17,2019-04-22,ALERTA_VERDE,1.07,7.0,pm25_avg,1.0,0.08223503828048706
05318,2019,20,2019-05-13,ALERTA_VERDE,1.05,5.0,pm25_avg,1.0,0.08660723268985748
05318,2019,23,2019-06-03,ALERTA_VERDE,1.09,9.0,pm25_avg,1.0,0.09059713035821915
05318,2019,26,2019-06-24,ALERTA_VERDE,1.12,12.0,semana_sin,1.0,0.016355188563466072
05318,2022,33,2022-08-15,ALERTA_VERDE,1.03,3.0,pm25_avg,1.0,0.033094193786382675
05321,2018,4,2018-01-22,ALERTA_VERDE,1.03,3.0,humedad_avg,1.0,0.031027374789118767
05353,2018,47,2018-11-19,ALERTA_VERDE,1.04,4.0,pm25_avg,1.0,0.032120343297719955
05360,2018,20,2018-05-14,ALERTA_VERDE,0.71,-29.0,humedad_avg,1.0,0.06970468163490295
05360,2018,26,2018-06-25,ALERTA_NARANJA,1.32,32.0,pm25_lag1,1.0,0.3531776964664459
05360,2018,29,2018-07-16,ALERTA_VERDE,1.13,13.0,pm25_lag1,1.0,0.5536961555480957
05360,2018,39,2018-09-24,ALERTA_VERDE,1.16,16.0,pm25_lag1,1.0,0.5442088842391968
05360,2018,43,2018-10-22,ALERTA_VERDE,1.15,15.0,pm25_lag1,1.0,0.05977429449558258
05360,2018,44,2018-10-29,ALERTA_VERDE,0.68,-32.0,humedad_avg,1.0,0.05774419382214546
05360,2018,47,2018-11-19,ALERTA_VERDE,1.1,10.0,pm25_lag1,1.0,0.2783450782299042
05360,2018,51,2018-12-17,ALERTA_NARANJA,1.5,50.0,pm25_lag1,1.0,0.6186692118644714
05360,2019,1,2018-12-31,ALERTA_VERDE,1.23,23.0,pm25_lag1,1.0,0.1774389147758484
05360,2019,2,2019-01-07,ALERTA_NARANJA,1.31,31.0,pm25_lag1,1.0,0.1611243635416031
05360,2019,7,2019-02-11,ALERTA_VERDE,1.11,11.0,pm25_avg,1.0,0.06491459161043167
05360,2019,11,2019-03-11,ALERTA_NARANJA,1.39,39.0,pm25_lag1,1.0,0.21561725437641144
05360,2019,13,2019-03-25,ALERTA_NARANJA,1.49,49.0,pm25_lag1,1.0,0.22192370891571045
05360,2019,17,2019-04-22,ALERTA_VERDE,2.25,-25.0,media_hist_mun_sem,3.0,0.9332327246665955
05360,2019,18,2019-04-29,ALERTA_ROJA,1.62,62.0,pm25_lag1,1.0,0.531204104423523
05360,2019,21,2019-05-20,ALERTA_VERDE,2.64,-12.0,media_hist_mun_sem,3.0,0.9118303060531616
05360,2019,24,2019-06-10,ALERTA_VERDE,0.93,-7.0,pm25_lag1,1.0,0.150686115026474
05360,2019,26,2019-06-24,ALERTA_NARANJA,1.48,48.0,pm25_lag1,1.0,0.23709209263324738
05360,2019,31,2019-07-29,ALERTA_VERDE,1.75,-12.5,pm25_lag1,2.0,0.22889015078544617
05360,2019,32,2019-08-05,ALERTA_VERDE,1.09,9.0,pm25_lag1,1.0,0.4135509133338928
05360,2019,41,2019-10-07,ALERTA_VERDE,1.28,28.0,pm25_lag1,1.0,0.13188384473323822
05360,2019,42,2019-10-14,ALERTA_VERDE,0.64,-36.0,humedad_avg,1.0,0.03721508011221886
05360,2020,3,2020-01-13,ALERTA_NARANJA,1.42,42.0,pm25_lag1,1.0,0.195226788520813
05360,2020,5,2020-01-27,ALERTA_VERDE,1.01,1.0,semana_sin,1.0,0.0215651486068964
05360,2020,6,2020-02-03,ALERTA_VERDE,1.04,4.0,pm25_lag1,1.0,0.17370855808258057
05360,2020,11,2020-03-09,ALERTA_VERDE,1.02,2.0,pm25_lag1,1.0,0.20331493020057678
05360,2020,12,2020-03-16,ALERTA_VERDE,1.17,17.0,pm25_lag1,1.0,0.34989795088768005
05360,2020,15,2020-04-06,ALERTA_VERDE,1.23,23.0,pm25_lag1,1.0,0.2035730481147766
05360,2020,27,2020-06-29,ALERTA_VERDE,0.98,-2.0,semana_sin,1.0,0.016205068677663803
05360,2020,30,2020-07-20,ALERTA_VERDE,1.02,2.0,pm25_avg,1.0,0.06513232737779617
05360,2020,35,2020-08-24,ALERTA_VERDE,1.04,4.0,pm25_avg,1.0,0.03397698327898979
05360,2022,15,2022-04-11,ALERTA_VERDE,1.18,18.0,pm25_avg,1.0,0.1273180991411209
05360,2022,16,2022-04-18,ALERTA_VERDE,1.36,17.11,pm25_lag1,1.1612903225806452,0.24358545243740082
05360,2022,21,2022-05-23,ALERTA_VERDE,3.04,1.33,media_hist_mun_sem,3.0,0.8683632612228394
05360,2022,24,2022-06-13,ALERTA_VERDE,1.03,3.0,pm25_avg,1.0,0.0313577726483345
05360,2022,25,2022-06-20,ALERTA_VERDE,1.17,0.75,pm25_avg,1.1612903225806452,0.1020868569612503
05360,2022,26,2022-06-27,ALERTA_VERDE,1.05,5.0,pm25_avg,1.0,0.03549272194504738
05360,2022,28,2022-07-11,ALERTA_VERDE,1.17,0.75,pm25_avg,1.1612903225806452,0.10862933099269867
05360,2022,33,2022-08-15,ALERTA_VERDE,1.02,-12.17,ninguna,1.1612903225806452,0.0
05360,2022,40,2022-10-03,ALERTA_VERDE,1.21,4.19,pm25_avg,1.1612903225806452,0.06421519815921783
05360,2022,41,2022-10-10,ALERTA_VERDE,1.03,3.0,pm25_avg,1.0,0.03279625624418259
05360,2022,43,2022-10-24,ALERTA_VERDE,1.04,4.0,semana_cos,1.0,0.0031743363942950964
05360,2022,46,2022-11-14,ALERTA_VERDE,1.17,0.75,pm25_avg,1.1612903225806452,0.10820546001195908
05360,2023,2,2023-01-09,ALERTA_VERDE,1.16,16.0,pm25_avg,1.0,0.11577083170413971
05360,2023,11,2023-03-13,ALERTA_VERDE,1.04,4.0,pm25_avg,1.0,0.010795284993946552
05360,2023,24,2023-06-12,ALERTA_VERDE,1.04,4.0,pm25_avg,1.0,0.09391572326421738
05360,2023,30,2023-07-24,ALERTA_VERDE,1.11,11.0,pm25_avg,1.0,0.10941355675458908
05364,2018,29,2018-07-16,ALERTA_VERDE,1.09,9.0,humedad_avg,1.0,0.05321717634797096
05364,2019,52,2019-12-23,ALERTA_VERDE,1.19,19.0,semana_cos,1.0,0.22896164655685425
05364,2020,2,2020-01-06,ALERTA_VERDE,1.11,11.0,semana_cos,1.0,0.05893819034099579
05368,2019,31,2019-07-29,ALERTA_VERDE,1.05,5.0,semana_sin,1.0,0.01692202128469944
05368,2022,41,2022-10-10,ALERTA_NARANJA,1.51,51.0,desviacion_vs_historico,1.0,0.45496273040771484
05368,2023,22,2023-05-29,ALERTA_VERDE,1.18,18.0,humedad_avg,1.0,0.03329009935259819
05376,2019,51,2019-12-16,ALERTA_VERDE,1.12,12.0,semana_cos,1.0,0.19375981390476227
05376,2023,14,2023-04-03,ALERTA_VERDE,0.99,-1.0,humedad_avg,1.0,0.030820412561297417
05380,2018,35,2018-08-27,ALERTA_VERDE,0.99,-1.0,humedad_avg,1.0,0.04306212440133095
05380,2018,41,2018-10-08,ALERTA_VERDE,1.25,25.0,pm25_lag1,1.0,0.12765541672706604
05380,2019,21,2019-05-20,ALERTA_VERDE,1.21,21.0,pm25_lag1,1.0,0.11449362337589264
05380,2019,30,2019-07-22,ALERTA_VERDE,1.15,15.0,pm25_lag1,1.0,0.12112398445606232
05380,2020,12,2020-03-16,ALERTA_VERDE,1.06,6.0,pm25_lag1,1.0,0.22548699378967285
05380,2022,23,2022-06-06,ALERTA_VERDE,1.28,28.0,pm25_lag1,1.0,0.16946566104888916
05380,2022,37,2022-09-12,ALERTA_VERDE,1.05,5.0,pm25_lag1,1.0,0.012896889820694923
05380,2022,38,2022-09-19,ALERTA_VERDE,1.15,15.0,ninguna,1.0,0.0
05380,2022,41,2022-10-10,ALERTA_VERDE,1.04,4.0,ninguna,1.0,0.0
05380,2022,43,2022-10-24,ALERTA_VERDE,1.04,4.0,semana_cos,1.0,0.0026008167769759893
05380,2022,49,2022-12-05,ALERTA_VERDE,1.11,11.0,pm25_avg,1.0,0.11043182760477066
05380,2023,18,2023-05-01,ALERTA_ROJA,1.97,97.0,desviacion_vs_historico,1.0,0.5994828343391418
05380,2023,22,2023-05-29,ALERTA_VERDE,1.11,11.0,semana_sin,1.0,0.02518041990697384
05390,2019,25,2019-06-17,ALERTA_VERDE,1.06,6.0,pm25_avg,1.0,0.033963676542043686
05411,2019,40,2019-09-30,ALERTA_VERDE,1.15,15.0,ninguna,1.0,0.0
05411,2020,14,2020-03-30,ALERTA_VERDE,0.99,-1.0,humedad_avg,1.0,0.03239479660987854
05440,2018,33,2018-08-13,ALERTA_VERDE,1.03,3.0,pm25_avg,1.0,0.03397698327898979
05440,2019,23,2019-06-03,ALERTA_VERDE,1.03,3.0,pm25_avg,1.0,0.03119158372282982
05440,2019,46,2019-11-11,ALERTA_VERDE,1.11,11.0,humedad_avg,1.0,0.09314615279436111
05440,2020,37,2020-09-07,ALERTA_VERDE,1.04,4.0,humedad_avg,1.0,0.029430389404296875
05440,2022,18,2022-05-02,ALERTA_VERDE,0.99,-1.0,humedad_avg,1.0,0.03311166912317276
05440,2022,34,2022-08-22,ALERTA_VERDE,1.03,3.0,pm25_avg,1.0,0.03397698327898979
05440,2023,16,2023-04-17,ALERTA_VERDE,0.99,-1.0,humedad_avg,1.0,0.030820412561297417
05440,2023,20,2023-05-15,ALERTA_VERDE,0.99,-1.0,humedad_avg,1.0,0.03165807947516441
05475,2018,48,2018-11-26,ALERTA_VERDE,1.04,4.0,pm25_avg,1.0,0.032120343297719955
05480,2020,17,2020-04-20,ALERTA_VERDE,1.0,0.0,pm25_avg,1.0,0.0022718964610248804
05480,2022,18,2022-05-02,ALERTA_VERDE,1.0,0.0,humedad_avg,1.0,0.031158829107880592
05490,2018,46,2018-11-12,ALERTA_VERDE,1.04,4.0,pm25_avg,1.0,0.033143676817417145
05490,2020,15,2020-04-06,ALERTA_VERDE,1.0,0.0,humedad_avg,1.0,0.030631182715296745
05541,2018,25,2018-06-18,ALERTA_VERDE,1.05,5.0,pm25_avg,1.0,0.033963676542043686
05579,2018,17,2018-04-23,ALERTA_VERDE,1.01,1.0,pm25_avg,1.0,0.06547167152166367
05579,2018,26,2018-06-25,ALERTA_VERDE,1.06,6.0,semana_sin,1.0,0.01750609278678894
05579,2018,28,2018-07-09,ALERTA_VERDE,1.04,4.0,pm25_avg,1.0,0.09321234375238419
05579,2018,47,2018-11-19,ALERTA_VERDE,1.04,4.0,pm25_avg,1.0,0.09383798390626907
05579,2019,1,2018-12-31,ALERTA_VERDE,1.18,18.0,semana_cos,1.0,0.2296184003353119
05579,2019,17,2019-04-22,ALERTA_VERDE,1.0,0.0,icv_score,1.0,0.0022435374557971954
05579,2019,25,2019-06-17,ALERTA_VERDE,1.18,18.0,pm25_avg,1.0,0.11107315868139267
05579,2019,34,2019-08-19,ALERTA_VERDE,1.05,5.0,humedad_avg,1.0,0.03760552778840065
05579,2019,40,2019-09-30,ALERTA_VERDE,1.15,15.0,icv_score,1.0,0.0022435374557971954
05579,2020,3,2020-01-13,ALERTA_VERDE,1.61,-19.5,humedad_avg,2.0,0.1644916832447052
05579,2020,15,2020-04-06,ALERTA_VERDE,1.47,-26.5,humedad_avg,2.0,0.0068881455808877945
05604,2018,25,2018-06-18,ALERTA_VERDE,1.06,6.0,pm25_avg,1.0,0.033963676542043686
05604,2018,27,2018-07-02,ALERTA_VERDE,1.06,6.0,pm25_avg,1.0,0.034850891679525375
05604,2018,41,2018-10-08,ALERTA_VERDE,1.04,4.0,pm25_avg,1.0,0.0330372154712677
05604,2018,51,2018-12-17,ALERTA_VERDE,1.04,4.0,semana_cos,1.0,0.14564919471740723
05604,2020,15,2020-04-06,ALERTA_VERDE,1.0,0.0,humedad_avg,1.0,0.030631182715296745
05607,2019,20,2019-05-13,ALERTA_VERDE,1.0,0.0,icv_seg_social,1.0,0.005915431305766106
05615,2018,22,2018-05-28,ALERTA_VERDE,1.03,3.0,pm25_avg,1.0,0.029287969693541527
05615,2018,27,2018-07-02,ALERTA_VERDE,1.05,5.0,pm25_avg,1.0,0.03549272194504738
05615,2019,4,2019-01-21,ALERTA_VERDE,0.97,-3.0,semana_sin,1.0,0.025627413764595985
05615,2019,27,2019-07-01,ALERTA_VERDE,1.12,12.0,pm25_avg,1.0,0.10220050811767578
05615,2019,36,2019-09-02,ALERTA_VERDE,1.11,11.0,pm25_avg,1.0,0.1575641632080078
05615,2022,21,2022-05-23,ALERTA_NARANJA,1.36,36.0,pm25_lag1,1.0,0.5335164070129395
05615,2022,29,2022-07-18,ALERTA_VERDE,1.04,4.0,semana_sin,1.0,0.014094267040491104
05615,2022,40,2022-10-03,ALERTA_VERDE,1.15,15.0,pm25_avg,1.0,0.0946463942527771
05615,2023,13,2023-03-27,ALERTA_VERDE,0.99,-1.0,icv_seg_social,1.0,0.005915431305766106
05615,2023,28,2023-07-10,ALERTA_VERDE,1.04,4.0,semana_sin,1.0,0.016681579872965813
05628,2019,29,2019-07-15,ALERTA_VERDE,0.98,-2.0,icv_score,1.0,0.0022435374557971954
05631,2018,20,2018-05-14,ALERTA_VERDE,1.11,11.0,pm25_avg,1.0,0.11907365918159485
05631,2018,40,2018-10-01,ALERTA_VERDE,0.97,-3.0,pm25_lag1,1.0,0.16592080891132355
05631,2018,47,2018-11-19,ALERTA_VERDE,1.26,26.0,pm25_lag1,1.0,0.2966759502887726
05631,2019,27,2019-07-01,ALERTA_NARANJA,1.47,47.0,pm25_lag1,1.0,0.5262903571128845
05631,2019,45,2019-11-04,ALERTA_VERDE,1.08,8.0,pm25_avg,1.0,0.04324867203831673
05631,2020,24,2020-06-08,ALERTA_VERDE,1.03,3.0,pm25_avg,1.0,0.0313577726483345
05631,2022,19,2022-05-09,ALERTA_VERDE,1.01,1.0,semana_sin,1.0,0.02385563589632511
05631,2022,22,2022-05-30,ALERTA_NARANJA,1.42,42.0,pm25_lag1,1.0,0.22404201328754425
05631,2022,23,2022-06-06,ALERTA_NARANJA,1.3,30.0,pm25_lag1,1.0,0.16186143457889557
05631,2022,24,2022-06-13,ALERTA_NARANJA,1.4,40.0,pm25_lag1,1.0,0.24990935623645782
05631,2022,36,2022-09-05,ALERTA_VERDE,0.68,-32.0,humedad_avg,1.0,0.013577123172581196
05631,2022,42,2022-10-17,ALERTA_NARANJA,1.41,41.0,pm25_lag1,1.0,0.5410557389259338
05631,2022,51,2022-12-19,ALERTA_VERDE,1.05,5.0,semana_cos,1.0,0.19983819127082825
05631,2023,10,2023-03-06,ALERTA_VERDE,1.2,20.0,pm25_lag1,1.0,0.0779934972524643
05649,2018,52,2018-12-24,ALERTA_VERDE,1.04,4.0,semana_cos,1.0,0.14564919471740723
05649,2019,23,2019-06-03,ALERTA_VERDE,1.04,4.0,humedad_avg,1.0,0.031681615859270096
05649,2020,1,2019-12-30,ALERTA_VERDE,1.04,4.0,semana_cos,1.0,0.14564919471740723
05649,2020,2,2020-01-06,ALERTA_VERDE,1.04,4.0,semana_cos,1.0,0.06458938866853714
05649,2020,18,2020-04-27,ALERTA_VERDE,1.0,0.0,humedad_avg,1.0,0.031158829107880592
05656,2018,41,2018-10-08,ALERTA_VERDE,1.14,14.0,pm25_avg,1.0,0.0378122478723526
05656,2019,23,2019-06-03,ALERTA_NARANJA,1.41,41.0,pm25_lag1,1.0,0.25162753462791443
05656,2019,30,2019-07-22,ALERTA_VERDE,1.04,4.0,pm25_avg,1.0,0.0329536534845829
05660,2018,34,2018-08-20,ALERTA_VERDE,1.04,4.0,pm25_avg,1.0,0.03397698327898979
05660,2018,36,2018-09-03,ALERTA_VERDE,1.04,4.0,pm25_avg,1.0,0.03397698327898979
05660,2019,21,2019-05-20,ALERTA_VERDE,1.0,0.0,humedad_avg,1.0,0.03146885335445404
05664,2018,24,2018-06-11,ALERTA_VERDE,1.03,3.0,humedad_avg,1.0,0.031681615859270096
05664,2018,30,2018-07-23,ALERTA_VERDE,1.03,3.0,pm25_avg,1.0,0.0329536534845829
05664,2019,2,2019-01-07,ALERTA_VERDE,1.19,19.0,pm25_avg,1.0,0.10897479951381683
05664,2019,24,2019-06-10,ALERTA_VERDE,1.15,15.0,pm25_avg,1.0,0.11748554557561874
05664,2020,1,2019-12-30,ALERTA_VERDE,1.04,4.0,semana_cos,1.0,0.14564919471740723
05664,2020,13,2020-03-23,ALERTA_VERDE,0.99,-1.0,humedad_avg,1.0,0.030631182715296745
05667,2018,34,2018-08-20,ALERTA_VERDE,1.04,4.0,pm25_avg,1.0,0.03397698327898979
05667,2022,17,2022-04-25,ALERTA_VERDE,1.0,0.0,humedad_avg,1.0,0.030035389587283134
05670,2023,22,2023-05-29,ALERTA_VERDE,1.04,0.0,humedad_avg,,0.03125928342342377
05670,2023,23,2023-06-05,ALERTA_VERDE,1.04,0.0,humedad_avg,,0.031681615859270096
05674,2019,28,2019-07-08,ALERTA_VERDE,1.03,3.0,pm25_avg,1.0,0.03160315752029419
05674,2022,25,2022-06-20,ALERTA_VERDE,1.05,5.0,pm25_avg,1.0,0.033963676542043686
05674,2022,47,2022-11-21,ALERTA_VERDE,1.03,3.0,pm25_avg,1.0,0.032120343297719955
05679,2020,12,2020-03-16,ALERTA_VERDE,1.0,0.0,humedad_avg,1.0,0.030820412561297417
05679,2020,27,2020-06-29,ALERTA_VERDE,1.06,6.0,pm25_avg,1.0,0.034850891679525375
05679,2022,28,2022-07-11,ALERTA_VERDE,1.04,4.0,pm25_avg,1.0,0.03160315752029419
05686,2018,32,2018-08-06,ALERTA_VERDE,1.15,15.0,pm25_avg,1.0,0.012218949384987354
05686,2019,16,2019-04-15,ALERTA_VERDE,1.07,7.0,icv_score,1.0,0.0022435374557971954
05686,2019,17,2019-04-22,ALERTA_VERDE,1.07,7.0,icv_score,1.0,0.0022435374557971954
05686,2019,24,2019-06-10,ALERTA_VERDE,1.11,11.0,semana_sin,1.0,0.016559233888983727
05686,2019,27,2019-07-01,ALERTA_VERDE,1.12,12.0,semana_sin,1.0,0.01350453495979309
05686,2019,41,2019-10-07,ALERTA_VERDE,1.04,4.0,humedad_avg,1.0,0.03771846741437912
05697,2018,2,2018-01-08,ALERTA_VERDE,1.03,3.0,semana_cos,1.0,0.06458938866853714
05697,2018,5,2018-01-29,ALERTA_VERDE,0.99,-1.0,humedad_avg,1.0,0.03123694472014904
05697,2018,26,2018-06-25,ALERTA_VERDE,1.05,5.0,pm25_avg,1.0,0.034850891679525375
05697,2018,46,2018-11-12,ALERTA_VERDE,1.03,3.0,pm25_avg,1.0,0.033785514533519745
05697,2019,7,2019-02-11,ALERTA_VERDE,0.99,-1.0,humedad_avg,1.0,0.031158829107880592
05697,2019,8,2019-02-18,ALERTA_VERDE,0.99,-1.0,semana_cos,1.0,0.02078377641737461
05697,2019,12,2019-03-18,ALERTA_VERDE,1.18,18.0,pm25_avg,1.0,0.14479123055934906
05697,2019,16,2019-04-15,ALERTA_NARANJA,1.37,37.0,pm25_lag1,1.0,0.19071848690509796
05697,2019,23,2019-06-03,ALERTA_VERDE,1.03,3.0,pm25_avg,1.0,0.03119158372282982
05697,2019,40,2019-09-30,ALERTA_VERDE,1.22,22.0,pm25_avg,1.0,0.11567573249340057
05697,2019,48,2019-11-25,ALERTA_NARANJA,1.51,51.0,pm25_lag1,1.0,0.21564334630966187
05697,2020,2,2020-01-06,ALERTA_VERDE,1.15,15.0,semana_cos,1.0,0.06523041427135468
05697,2022,26,2022-06-27,ALERTA_VERDE,1.05,5.0,pm25_avg,1.0,0.034850891679525375
05697,2022,40,2022-10-03,ALERTA_VERDE,1.14,14.0,pm25_avg,1.0,0.0330372154712677
05697,2022,47,2022-11-21,ALERTA_VERDE,1.03,3.0,pm25_avg,1.0,0.032120343297719955
05736,2018,21,2018-05-21,ALERTA_VERDE,0.93,-7.0,humedad_avg,1.0,0.02174556814134121
05736,2019,21,2019-05-20,ALERTA_VERDE,1.01,1.0,humedad_avg,1.0,0.035749323666095734
05736,2019,25,2019-06-17,ALERTA_VERDE,1.06,6.0,humedad_avg,1.0,0.0342928022146225
05736,2019,26,2019-06-24,ALERTA_VERDE,1.06,6.0,humedad_avg,1.0,0.0342928022146225
05736,2020,5,2020-01-27,ALERTA_VERDE,0.99,-1.0,humedad_avg,1.0,0.033000554889440536
05736,2020,10,2020-03-02,ALERTA_VERDE,1.0,0.0,humedad_avg,1.0,0.030631182715296745
05736,2020,25,2020-06-15,ALERTA_VERDE,1.06,6.0,pm25_avg,1.0,0.033963676542043686
05736,2023,9,2023-02-27,ALERTA_VERDE,1.0,0.0,humedad_avg,1.0,0.030035389587283134
05736,2023,21,2023-05-22,ALERTA_VERDE,1.0,0.0,humedad_avg,1.0,0.03146885335445404
05736,2023,32,2023-08-07,ALERTA_VERDE,1.04,4.0,pm25_avg,1.0,0.03397698327898979
05736,2023,41,2023-10-09,ALERTA_VERDE,1.04,4.0,pm25_avg,1.0,0.0330372154712677
05756,2018,4,2018-01-22,ALERTA_VERDE,1.12,12.0,pm25_avg,1.0,0.046649571508169174
05756,2019,11,2019-03-11,ALERTA_VERDE,1.0,0.0,humedad_avg,1.0,0.010736163705587387
05756,2019,16,2019-04-15,ALERTA_VERDE,1.0,0.0,pm25_avg,1.0,0.0022718964610248804
05756,2019,23,2019-06-03,ALERTA_VERDE,1.04,4.0,pm25_avg,1.0,0.03119158372282982
05756,2019,27,2019-07-01,ALERTA_VERDE,1.06,6.0,pm25_avg,1.0,0.034002210944890976
05756,2019,50,2019-12-09,ALERTA_VERDE,1.04,4.0,semana_cos,1.0,0.06221769377589226
05756,2023,31,2023-07-31,ALERTA_VERDE,1.16,16.0,pm25_avg,1.0,0.05794132500886917
05789,2019,16,2019-04-15,ALERTA_VERDE,0.93,-7.0,icv_score,1.0,0.0022435374557971954
05790,2018,23,2018-06-04,ALERTA_VERDE,1.04,4.0,pm25_avg,1.0,0.03119158372282982
05790,2018,37,2018-09-10,ALERTA_VERDE,1.04,4.0,pm25_avg,1.0,0.03461882099509239
05837,2019,22,2019-05-27,ALERTA_VERDE,1.16,16.0,pm25_avg,1.0,0.051437705755233765
05837,2020,3,2020-01-13,ALERTA_VERDE,1.16,16.0,pm25_avg,1.0,0.05546416714787483
05837,2020,24,2020-06-08,ALERTA_VERDE,1.04,4.0,pm25_avg,1.0,0.0313577726483345
05837,2020,27,2020-06-29,ALERTA_VERDE,1.06,6.0,pm25_avg,1.0,0.034850891679525375
05837,2020,30,2020-07-20,ALERTA_VERDE,1.04,4.0,pm25_avg,1.0,0.0329536534845829
05837,2022,20,2022-05-16,ALERTA_VERDE,1.0,0.0,humedad_avg,1.0,0.03146885335445404
05847,2019,12,2019-03-18,ALERTA_VERDE,1.0,0.0,icv_score,1.0,0.0022435374557971954
05847,2022,26,2022-06-27,ALERTA_VERDE,1.06,6.0,pm25_avg,1.0,0.034850891679525375
05854,2018,25,2018-06-18,ALERTA_VERDE,1.06,6.0,pm25_avg,1.0,0.03460550680756569
05854,2020,8,2020-02-17,ALERTA_VERDE,1.0,0.0,semana_cos,1.0,0.02078377641737461
05858,2023,19,2023-05-08,ALERTA_VERDE,1.0,0.0,humedad_avg,,0.031158829107880592
05861,2018,41,2018-10-08,ALERTA_VERDE,1.04,4.0,pm25_avg,1.0,0.0330372154712677
05861,2019,27,2019-07-01,ALERTA_VERDE,1.06,6.0,pm25_avg,1.0,0.034850891679525375
05887,2018,28,2018-07-09,ALERTA_VERDE,1.05,5.0,humedad_avg,1.0,0.032529186457395554
05887,2018,52,2018-12-24,ALERTA_VERDE,1.18,18.0,semana_cos,1.0,0.2358577400445938
05887,2019,21,2019-05-20,ALERTA_VERDE,0.99,-1.0,pm25_avg,1.0,0.012577448971569538
05887,2019,26,2019-06-24,ALERTA_VERDE,1.06,6.0,pm25_avg,1.0,0.03549272194504738
05887,2019,32,2019-08-05,ALERTA_VERDE,1.04,4.0,pm25_avg,1.0,0.03397698327898979
05887,2019,33,2019-08-12,ALERTA_VERDE,1.04,4.0,pm25_avg,1.0,0.03461882099509239
05887,2019,44,2019-10-28,ALERTA_VERDE,1.04,4.0,pm25_avg,1.0,0.033143676817417145
05887,2022,31,2022-08-01,ALERTA_VERDE,1.04,4.0,pm25_avg,1.0,0.033595483750104904
05887,2022,38,2022-09-19,ALERTA_VERDE,1.15,15.0,pm25_avg,1.0,0.03461882099509239
05887,2022,50,2022-12-12,ALERTA_VERDE,1.04,4.0,semana_cos,1.0,0.06221769377589226
05887,2023,3,2023-01-16,ALERTA_VERDE,1.04,4.0,pm25_avg,1.0,0.0327766016125679
05887,2023,21,2023-05-22,ALERTA_VERDE,1.0,0.0,humedad_avg,1.0,0.03146885335445404
05890,2019,52,2019-12-23,ALERTA_VERDE,1.04,4.0,semana_cos,1.0,0.14564919471740723
05890,2022,29,2022-07-18,ALERTA_VERDE,1.04,4.0,pm25_avg,1.0,0.0329536534845829
05895,2019,20,2019-05-13,ALERTA_VERDE,1.01,1.0,pm25_avg,1.0,0.07601818442344666
05895,2019,46,2019-11-11,ALERTA_VERDE,1.04,4.0,semana_cos,1.0,0.021449217572808266
