fecha_semana,codigo_dane,anio,semana_epi,casos_ira_total,edad_promedio,rezago_reporte_dias,periodo_pandemia,pct_regimen_contributivo,pct_regimen_especial_excepcion,pct_regimen_otros,pct_regimen_subsidiado
2018-01-01,05001,2018,1,7,0.0,8,False,0.7142857142857143,0.0,0.0,0.2857142857142857
2018-01-01,05034,2018,1,1,0.0,6,False,0.0,0.0,0.0,1.0
2018-01-08,05001,2018,2,8,0.0,5,False,0.375,0.0,0.0,0.625
2018-01-08,05697,2018,2,1,0.0,6,False,0.0,0.0,0.0,1.0
2018-01-08,05856,2018,2,1,0.0,7,False,1.0,0.0,0.0,0.0
2018-01-15,05001,2018,3,6,0.0,6,False,0.6666666666666666,0.0,0.0,0.3333333333333333
2018-01-15,05045,2018,3,1,0.0,4,False,0.0,0.0,0.0,1.0
2018-01-22,05001,2018,4,6,0.0,6,False,0.5,0.0,0.0,0.5
2018-01-22,05034,2018,4,1,0.0,5,False,0.0,0.0,0.0,1.0
2018-01-22,05079,2018,4,1,0.0,7,False,1.0,0.0,0.0,0.0
2018-01-22,05321,2018,4,1,0.0,12,False,1.0,0.0,0.0,0.0
2018-01-22,05756,2018,4,1,0.0,3,False,0.0,0.0,0.0,1.0
2018-01-29,05001,2018,5,3,0.0,48,False,0.3333333333333333,0.0,0.0,0.6666666666666666
2018-01-29,05308,2018,5,1,0.0,7,False,1.0,0.0,0.0,0.0
2018-01-29,05697,2018,5,1,0.0,11,False,1.0,0.0,0.0,0.0
2018-02-05,05001,2018,6,3,0.0,4,False,0.6666666666666666,0.0,0.0,0.3333333333333333
2018-02-05,05129,2018,6,1,0.0,7,False,1.0,0.0,0.0,0.0
2018-02-05,05212,2018,6,2,0.0,6,False,0.0,0.0,0.0,1.0
2018-02-12,05000,2018,7,1,0.0,8,False,0.0,0.0,0.0,1.0
2018-02-12,05001,2018,7,6,0.0,9,False,0.5,0.0,0.0,0.5
2018-02-12,05234,2018,7,1,0.0,9,False,1.0,0.0,0.0,0.0
2018-02-19,05001,2018,8,5,0.0,6,False,0.4,0.0,0.0,0.6
2018-02-26,05001,2018,9,4,0.0,10,False,0.25,0.0,0.0,0.75
2018-02-26,05088,2018,9,1,0.0,10,False,0.0,0.0,0.0,1.0
2018-03-05,05001,2018,10,10,0.0,8,False,0.4,0.0,0.2,0.4
2018-03-12,05001,2018,11,3,0.0,9,False,1.0,0.0,0.0,0.0
2018-03-12,05690,2018,11,1,0.0,4,False,1.0,0.0,0.0,0.0
2018-03-19,05000,2018,12,1,0.0,3,False,1.0,0.0,0.0,0.0
2018-03-19,05001,2018,12,2,0.0,6,False,0.5,0.0,0.0,0.5
2018-03-26,05000,2018,13,1,0.0,7,False,0.0,0.0,0.0,1.0
2018-03-26,05001,2018,13,2,0.0,5,False,0.5,0.5,0.0,0.0
2018-04-02,05001,2018,14,5,0.0,6,False,0.6,0.0,0.0,0.4
2018-04-09,05001,2018,15,6,0.0,7,False,0.5,0.0,0.16666666666666666,0.3333333333333333
2018-04-09,05088,2018,15,1,0.0,8,False,1.0,0.0,0.0,0.0
2018-04-16,05000,2018,16,1,0.0,20,False,0.0,0.0,0.0,1.0
2018-04-16,05001,2018,16,4,0.0,11,False,0.75,0.0,0.0,0.25
2018-04-23,05001,2018,17,4,0.0,8,False,0.75,0.0,0.0,0.25
2018-04-23,05579,2018,17,1,0.0,11,False,0.0,0.0,0.0,1.0
2018-04-30,05000,2018,18,1,0.0,11,False,1.0,0.0,0.0,0.0
2018-04-30,05001,2018,18,3,0.0,8,False,0.3333333333333333,0.0,0.3333333333333333,0.3333333333333333
2018-04-30,05088,2018,18,1,0.0,11,False,1.0,0.0,0.0,0.0
2018-04-30,05266,2018,18,1,0.0,4,False,1.0,0.0,0.0,0.0
2018-05-07,05001,2018,19,6,0.0,9,False,1.0,0.0,0.0,0.0
2018-05-14,05000,2018,20,1,0.0,9,False,0.0,0.0,0.0,1.0
2018-05-14,05001,2018,20,6,0.0,27,False,0.8333333333333334,0.0,0.0,0.16666666666666666
2018-05-14,05088,2018,20,1,0.0,10,False,0.0,1.0,0.0,0.0
2018-05-14,05360,2018,20,1,0.0,8,False,1.0,0.0,0.0,0.0
2018-05-14,05631,2018,20,1,0.0,9,False,1.0,0.0,0.0,0.0
2018-05-21,05001,2018,21,2,0.0,8,False,1.0,0.0,0.0,0.0
2018-05-21,05088,2018,21,1,0.0,12,False,0.0,0.0,0.0,1.0
2018-05-21,05736,2018,21,1,0.0,12,False,0.0,0.0,0.0,1.0
2018-05-28,05001,2018,22,12,0.0,8,False,0.5,0.08333333333333333,0.0,0.4166666666666667
2018-05-28,05088,2018,22,1,0.0,8,False,0.0,1.0,0.0,0.0
2018-05-28,05237,2018,22,1,0.0,7,False,1.0,0.0,0.0,0.0
2018-05-28,05284,2018,22,1,0.0,9,False,1.0,0.0,0.0,0.0
2018-05-28,05615,2018,22,1,0.0,12,False,0.0,0.0,0.0,1.0
2018-06-04,05000,2018,23,1,0.0,27,False,1.0,0.0,0.0,0.0
2018-06-04,05001,2018,23,8,0.0,8,False,0.5,0.125,0.0,0.375
2018-06-04,05031,2018,23,1,0.0,4,False,0.0,0.0,0.0,1.0
2018-06-04,05234,2018,23,1,0.0,9,False,0.0,0.0,0.0,1.0
2018-06-04,05790,2018,23,1,0.0,17,False,0.0,0.0,0.0,1.0
2018-06-11,05001,2018,24,9,0.0,9,False,0.6666666666666666,0.0,0.1111111111111111,0.2222222222222222
2018-06-11,05034,2018,24,1,0.0,6,False,1.0,0.0,0.0,0.0
2018-06-11,05088,2018,24,2,0.0,7,False,0.5,0.0,0.0,0.5
2018-06-11,05266,2018,24,1,0.0,6,False,1.0,0.0,0.0,0.0
2018-06-11,05664,2018,24,1,0.0,3,False,1.0,0.0,0.0,0.0
2018-06-18,05000,2018,25,1,0.0,5,False,0.0,0.0,1.0,0.0
2018-06-18,05001,2018,25,4,0.0,7,False,0.0,0.0,0.25,0.75
2018-06-18,05079,2018,25,1,0.0,4,False,1.0,0.0,0.0,0.0
2018-06-18,05541,2018,25,1,0.0,26,False,1.0,0.0,0.0,0.0
2018-06-18,05604,2018,25,1,0.0,5,False,0.0,0.0,0.0,1.0
2018-06-18,05854,2018,25,1,0.0,3,False,0.0,0.0,0.0,1.0
2018-06-25,05001,2018,26,7,0.0,9,False,0.2857142857142857,0.0,0.0,0.7142857142857143
2018-06-25,05266,2018,26,1,0.0,7,False,1.0,0.0,0.0,0.0
2018-06-25,05360,2018,26,1,0.0,5,False,1.0,0.0,0.0,0.0
2018-06-25,05579,2018,26,1,0.0,9,False,0.0,0.0,0.0,1.0
2018-06-25,05697,2018,26,1,0.0,9,False,0.0,0.0,0.0,1.0
2018-07-02,05001,2018,27,4,0.0,5,False,0.75,0.0,0.0,0.25
2018-07-02,05088,2018,27,2,0.0,10,False,0.5,0.0,0.0,0.5
2018-07-02,05148,2018,27,1,0.0,7,False,0.0,0.0,0.0,1.0
2018-07-02,05266,2018,27,1,0.0,6,False,0.0,0.0,0.0,1.0
2018-07-02,05604,2018,27,1,0.0,15,False,0.0,0.0,0.0,1.0
2018-07-02,05615,2018,27,1,0.0,5,False,1.0,0.0,0.0,0.0
2018-07-09,05001,2018,28,10,0.0,11,False,0.9,0.0,0.0,0.1
2018-07-09,05088,2018,28,4,0.0,8,False,1.0,0.0,0.0,0.0
2018-07-09,05579,2018,28,1,0.0,3,False,0.0,0.0,0.0,1.0
2018-07-09,05887,2018,28,1,0.0,8,False,0.0,0.0,0.0,1.0
2018-07-16,05001,2018,29,5,0.0,7,False,0.6,0.0,0.0,0.4
2018-07-16,05212,2018,29,1,0.0,22,False,1.0,0.0,0.0,0.0
2018-07-16,05360,2018,29,1,0.0,12,False,1.0,0.0,0.0,0.0
2018-07-16,05364,2018,29,1,0.0,9,False,0.0,0.0,0.0,1.0
2018-07-23,05000,2018,30,2,0.0,12,False,0.5,0.5,0.0,0.0
2018-07-23,05001,2018,30,10,0.0,11,False,0.7,0.1,0.0,0.2
2018-07-23,05148,2018,30,1,0.0,5,False,1.0,0.0,0.0,0.0
2018-07-23,05154,2018,30,1,0.0,8,False,0.0,0.0,0.0,1.0
2018-07-23,05190,2018,30,1,0.0,26,False,0.0,0.0,0.0,1.0
2018-07-23,05310,2018,30,1,0.0,38,False,0.0,0.0,0.0,1.0
2018-07-23,05664,2018,30,1,0.0,17,False,1.0,0.0,0.0,0.0
2018-07-30,05001,2018,31,3,0.0,9,False,1.0,0.0,0.0,0.0
2018-07-30,05088,2018,31,1,0.0,6,False,0.0,0.0,1.0,0.0
2018-07-30,05101,2018,31,1,0.0,18,False,1.0,0.0,0.0,0.0
2018-08-06,05001,2018,32,8,0.0,17,False,0.125,0.0,0.125,0.75
2018-08-06,05686,2018,32,1,0.0,8,False,0.0,0.0,0.0,1.0
2018-08-13,05001,2018,33,4,0.0,15,False,1.0,0.0,0.0,0.0
2018-08-13,05088,2018,33,1,0.0,9,False,0.0,0.0,1.0,0.0
2018-08-13,05440,2018,33,1,0.0,10,False,0.0,0.0,0.0,1.0
2018-08-20,05001,2018,34,4,0.0,6,False,0.25,0.0,0.0,0.75
2018-08-20,05088,2018,34,2,0.0,6,False,0.5,0.5,0.0,0.0
2018-08-20,05148,2018,34,1,0.0,5,False,1.0,0.0,0.0,0.0
2018-08-20,05660,2018,34,1,0.0,4,False,1.0,0.0,0.0,0.0
2018-08-20,05667,2018,34,1,0.0,6,False,0.0,0.0,0.0,1.0
2018-08-27,05001,2018,35,5,0.0,7,False,0.8,0.0,0.0,0.2
2018-08-27,05088,2018,35,1,0.0,9,False,1.0,0.0,0.0,0.0
2018-08-27,05172,2018,35,1,0.0,7,False,0.0,0.0,0.0,1.0
2018-08-27,05380,2018,35,1,0.0,10,False,0.0,0.0,0.0,1.0
2018-09-03,05001,2018,36,7,0.0,7,False,0.5714285714285714,0.14285714285714285,0.14285714285714285,0.14285714285714285
2018-09-03,05660,2018,36,1,0.0,11,False,0.0,0.0,0.0,1.0
2018-09-10,05001,2018,37,11,0.0,8,False,0.5454545454545454,0.0,0.0,0.45454545454545453
2018-09-10,05088,2018,37,2,0.0,8,False,0.5,0.0,0.0,0.5
2018-09-10,05790,2018,37,1,0.0,6,False,0.0,0.0,0.0,1.0
2018-09-17,05001,2018,38,3,0.0,8,False,0.6666666666666666,0.0,0.0,0.3333333333333333
2018-09-17,05088,2018,38,1,0.0,6,False,1.0,0.0,0.0,0.0
2018-09-24,05001,2018,39,6,0.0,17,False,0.5,0.0,0.0,0.5
2018-09-24,05360,2018,39,1,0.0,8,False,1.0,0.0,0.0,0.0
2018-10-01,05001,2018,40,5,0.0,8,False,0.4,0.0,0.0,0.6
2018-10-01,05088,2018,40,1,0.0,6,False,0.0,0.0,1.0,0.0
2018-10-01,05107,2018,40,1,0.0,6,False,0.0,0.0,0.0,1.0
2018-10-01,05631,2018,40,1,0.0,5,False,1.0,0.0,0.0,0.0
2018-10-08,05001,2018,41,6,0.0,7,False,0.8333333333333334,0.0,0.0,0.16666666666666666
2018-10-08,05088,2018,41,4,0.0,6,False,0.75,0.0,0.0,0.25
2018-10-08,05234,2018,41,1,0.0,8,False,1.0,0.0,0.0,0.0
2018-10-08,05380,2018,41,1,0.0,7,False,1.0,0.0,0.0,0.0
2018-10-08,05483,2018,41,1,0.0,9,False,0.0,0.0,0.0,1.0
2018-10-08,05604,2018,41,1,0.0,9,False,0.0,0.0,0.0,1.0
2018-10-08,05656,2018,41,1,0.0,11,False,0.0,0.0,0.0,1.0
2018-10-08,05861,2018,41,1,0.0,8,False,0.0,0.0,1.0,0.0
2018-10-15,05001,2018,42,3,0.0,10,False,0.3333333333333333,0.0,0.3333333333333333,0.3333333333333333
2018-10-22,05001,2018,43,7,0.0,3,False,0.5714285714285714,0.0,0.0,0.42857142857142855
2018-10-22,05120,2018,43,1,0.0,8,False,1.0,0.0,0.0,0.0
2018-10-22,05360,2018,43,1,0.0,7,False,1.0,0.0,0.0,0.0
2018-10-29,05001,2018,44,3,0.0,8,False,0.3333333333333333,0.0,0.0,0.6666666666666666
2018-10-29,05360,2018,44,1,0.0,5,False,0.0,0.0,0.0,1.0
2018-10-29,05761,2018,44,1,0.0,5,False,0.0,0.0,0.0,1.0
2018-11-05,05001,2018,45,8,0.0,7,False,0.25,0.125,0.0,0.625
2018-11-05,05120,2018,45,1,0.0,5,False,0.0,0.0,0.0,1.0
2018-11-05,05318,2018,45,1,0.0,10,False,1.0,0.0,0.0,0.0
2018-11-12,05001,2018,46,5,0.0,2,False,0.6,0.0,0.0,0.4
2018-11-12,05088,2018,46,1,0.0,7,False,0.0,0.0,0.0,1.0
2018-11-12,05101,2018,46,1,0.0,9,False,0.0,0.0,0.0,1.0
2018-11-12,05148,2018,46,1,0.0,8,False,1.0,0.0,0.0,0.0
2018-11-12,05490,2018,46,1,0.0,3,False,0.0,0.0,0.0,1.0
2018-11-12,05697,2018,46,1,0.0,12,False,0.0,0.0,0.0,1.0
2018-11-19,05001,2018,47,8,0.0,7,False,0.875,0.0,0.0,0.125
2018-11-19,05088,2018,47,2,0.0,3,False,0.5,0.0,0.0,0.5
2018-11-19,05129,2018,47,1,0.0,6,False,1.0,0.0,0.0,0.0
2018-11-19,05138,2018,47,1,0.0,9,False,0.0,0.0,0.0,1.0
2018-11-19,05318,2018,47,1,0.0,2,False,0.0,0.0,0.0,1.0
2018-11-19,05353,2018,47,1,0.0,2,False,0.0,0.0,0.0,1.0
2018-11-19,05360,2018,47,1,0.0,16,False,1.0,0.0,0.0,0.0
2018-11-19,05579,2018,47,1,0.0,7,False,1.0,0.0,0.0,0.0
2018-11-19,05631,2018,47,1,0.0,5,False,1.0,0.0,0.0,0.0
2018-11-26,05001,2018,48,9,0.0,7,False,0.5555555555555556,0.0,0.1111111111111111,0.3333333333333333
2018-11-26,05088,2018,48,1,0.0,8,False,1.0,0.0,0.0,0.0
2018-11-26,05212,2018,48,1,0.0,2,False,1.0,0.0,0.0,0.0
2018-11-26,05308,2018,48,1,0.0,19,False,0.0,0.0,0.0,1.0
2018-11-26,05475,2018,48,1,0.0,13,False,0.0,0.0,0.0,1.0
2018-12-03,05001,2018,49,7,0.0,7,False,0.14285714285714285,0.42857142857142855,0.14285714285714285,0.2857142857142857
2018-12-03,05088,2018,49,1,0.0,7,False,1.0,0.0,0.0,0.0
2018-12-03,05148,2018,49,1,0.0,14,False,1.0,0.0,0.0,0.0
2018-12-10,05001,2018,50,8,0.0,6,False,0.5,0.0,0.0,0.5
2018-12-10,05088,2018,50,1,0.0,13,False,1.0,0.0,0.0,0.0
2018-12-10,05353,2018,50,1,0.0,14,False,0.0,0.0,0.0,1.0
2018-12-17,05001,2018,51,7,0.0,9,False,0.5714285714285714,0.0,0.0,0.42857142857142855
2018-12-17,05360,2018,51,1,0.0,11,False,1.0,0.0,0.0,0.0
2018-12-17,05475,2018,51,1,0.0,11,False,0.0,0.0,0.0,1.0
2018-12-17,05604,2018,51,1,0.0,15,False,0.0,0.0,0.0,1.0
2018-12-24,05001,2018,52,5,0.0,6,False,0.6,0.0,0.0,0.4
2018-12-24,05034,2018,52,1,0.0,4,False,0.0,0.0,0.0,1.0
2018-12-24,05649,2018,52,1,0.0,5,False,1.0,0.0,0.0,0.0
2018-12-24,05887,2018,52,1,0.0,9,False,0.0,0.0,0.0,1.0
2018-12-31,05001,2019,1,7,0.0,8,False,0.8571428571428571,0.0,0.0,0.14285714285714285
2018-12-31,05088,2019,1,1,0.0,9,False,0.0,0.0,0.0,1.0
2018-12-31,05206,2019,1,1,0.0,9,False,0.0,1.0,0.0,0.0
2018-12-31,05360,2019,1,1,0.0,5,False,1.0,0.0,0.0,0.0
2018-12-31,05579,2019,1,1,0.0,12,False,0.0,0.0,0.0,1.0
2019-01-07,05001,2019,2,8,0.0,7,False,0.375,0.0,0.0,0.625
2019-01-07,05045,2019,2,1,0.0,3,False,0.0,0.0,0.0,1.0
2019-01-07,05088,2019,2,1,0.0,4,False,0.0,0.0,0.0,1.0
2019-01-07,05360,2019,2,1,0.0,12,False,1.0,0.0,0.0,0.0
2019-01-07,05664,2019,2,1,0.0,15,False,0.0,0.0,0.0,1.0
2019-01-14,05001,2019,3,7,0.0,8,False,0.5714285714285714,0.0,0.0,0.42857142857142855
2019-01-14,05079,2019,3,1,0.0,9,False,1.0,0.0,0.0,0.0
2019-01-14,05088,2019,3,1,0.0,9,False,1.0,0.0,0.0,0.0
2019-01-14,05172,2019,3,1,0.0,12,False,0.0,0.0,0.0,1.0
2019-01-14,05266,2019,3,1,0.0,7,False,0.0,0.0,0.0,1.0
2019-01-21,05001,2019,4,2,0.0,7,False,1.0,0.0,0.0,0.0
2019-01-21,05079,2019,4,1,0.0,8,False,1.0,0.0,0.0,0.0
2019-01-21,05615,2019,4,1,0.0,3,False,0.0,0.0,0.0,1.0
2019-01-28,05001,2019,5,5,0.0,8,False,0.2,0.2,0.0,0.6
2019-01-28,05088,2019,5,1,0.0,9,False,1.0,0.0,0.0,0.0
2019-01-28,05120,2019,5,1,0.0,3,False,0.0,0.0,0.0,1.0
2019-02-04,05001,2019,6,11,0.0,8,False,0.5454545454545454,0.0,0.09090909090909091,0.36363636363636365
2019-02-04,05088,2019,6,3,0.0,8,False,0.6666666666666666,0.0,0.0,0.3333333333333333
2019-02-04,05250,2019,6,1,0.0,3,False,0.0,0.0,0.0,1.0
2019-02-11,05001,2019,7,8,0.0,9,False,0.625,0.0,0.0,0.375
2019-02-11,05360,2019,7,1,0.0,4,False,1.0,0.0,0.0,0.0
2019-02-11,05697,2019,7,1,0.0,9,False,1.0,0.0,0.0,0.0
2019-02-18,05001,2019,8,4,0.0,6,False,0.75,0.0,0.25,0.0
2019-02-18,05088,2019,8,1,0.0,7,False,0.0,0.0,0.0,1.0
2019-02-18,05284,2019,8,1,0.0,13,False,0.0,0.0,0.0,1.0
2019-02-18,05697,2019,8,1,0.0,4,False,0.0,0.0,0.0,1.0
2019-02-25,05001,2019,9,8,0.0,5,False,0.375,0.0,0.125,0.5
2019-03-04,05001,2019,10,5,0.0,4,False,0.6,0.0,0.2,0.2
2019-03-04,05088,2019,10,1,0.0,7,False,1.0,0.0,0.0,0.0
2019-03-04,05266,2019,10,1,0.0,4,False,1.0,0.0,0.0,0.0
2019-03-04,05308,2019,10,1,0.0,9,False,0.0,0.0,0.0,1.0
2019-03-04,05792,2019,10,1,0.0,2,False,0.0,0.0,0.0,1.0
2019-03-11,05001,2019,11,11,0.0,6,False,0.7272727272727273,0.0,0.0,0.2727272727272727
2019-03-11,05088,2019,11,2,0.0,8,False,0.5,0.0,0.0,0.5
2019-03-11,05234,2019,11,1,0.0,8,False,0.0,0.0,0.0,1.0
2019-03-11,05360,2019,11,1,0.0,8,False,1.0,0.0,0.0,0.0
2019-03-11,05756,2019,11,1,0.0,3,False,0.0,0.0,1.0,0.0
2019-03-18,05001,2019,12,8,0.0,10,False,0.5,0.0,0.125,0.375
2019-03-18,05138,2019,12,1,0.0,9,False,0.0,0.0,0.0,1.0
2019-03-18,05284,2019,12,1,0.0,10,False,0.0,0.0,0.0,1.0
2019-03-18,05697,2019,12,1,0.0,11,False,0.0,0.0,0.0,1.0
2019-03-18,05847,2019,12,1,0.0,13,False,0.0,1.0,0.0,0.0
2019-03-25,05001,2019,13,9,0.0,6,False,0.5555555555555556,0.0,0.0,0.4444444444444444
2019-03-25,05088,2019,13,1,0.0,3,False,0.0,0.0,0.0,1.0
2019-03-25,05212,2019,13,2,0.0,9,False,0.5,0.0,0.0,0.5
2019-03-25,05266,2019,13,1,0.0,10,False,1.0,0.0,0.0,0.0
2019-03-25,05360,2019,13,1,0.0,8,False,1.0,0.0,0.0,0.0
2019-03-25,05361,2019,13,1,0.0,4,False,0.0,0.0,0.0,1.0
2019-04-01,05001,2019,14,7,0.0,7,False,0.2857142857142857,0.14285714285714285,0.0,0.5714285714285714
2019-04-01,05088,2019,14,1,0.0,10,False,0.0,0.0,0.0,1.0
2019-04-01,05266,2019,14,1,0.0,10,False,1.0,0.0,0.0,0.0
2019-04-08,05001,2019,15,12,0.0,11,False,0.6666666666666666,0.0,0.0,0.3333333333333333
2019-04-08,05154,2019,15,1,0.0,9,False,0.0,0.0,0.0,1.0
2019-04-08,05266,2019,15,1,0.0,11,False,1.0,0.0,0.0,0.0
2019-04-08,05501,2019,15,1,0.0,4,False,0.0,0.0,0.0,1.0
2019-04-15,05001,2019,16,10,0.0,11,False,0.4,0.1,0.1,0.4
2019-04-15,05088,2019,16,2,0.0,9,False,1.0,0.0,0.0,0.0
2019-04-15,05129,2019,16,1,0.0,7,False,1.0,0.0,0.0,0.0
2019-04-15,05686,2019,16,1,0.0,8,False,1.0,0.0,0.0,0.0
2019-04-15,05697,2019,16,1,0.0,9,False,1.0,0.0,0.0,0.0
2019-04-15,05756,2019,16,1,0.0,7,False,0.0,0.0,0.0,1.0
2019-04-15,05789,2019,16,1,0.0,7,False,0.0,0.0,0.0,1.0
2019-04-22,05001,2019,17,5,0.0,8,False,0.4,0.2,0.0,0.4
2019-04-22,05088,2019,17,3,0.0,6,False,0.3333333333333333,0.0,0.0,0.6666666666666666
2019-04-22,05308,2019,17,1,0.0,9,False,0.0,0.0,0.0,1.0
2019-04-22,05318,2019,17,1,0.0,14,False,1.0,0.0,0.0,0.0
2019-04-22,05360,2019,17,3,0.0,8,False,1.0,0.0,0.0,0.0
2019-04-22,05579,2019,17,1,0.0,11,False,0.0,1.0,0.0,0.0
2019-04-22,05686,2019,17,1,0.0,14,False,0.0,0.0,0.0,1.0
2019-04-29,05001,2019,18,10,0.0,8,False,0.5,0.0,0.0,0.5
2019-04-29,05079,2019,18,1,0.0,9,False,0.0,0.0,0.0,1.0
2019-04-29,05088,2019,18,2,0.0,10,False,0.5,0.0,0.0,0.5
2019-04-29,05360,2019,18,1,0.0,7,False,0.0,0.0,0.0,1.0
2019-05-06,05001,2019,19,10,0.0,10,False,0.8,0.0,0.0,0.2
2019-05-06,05088,2019,19,2,0.0,7,False,1.0,0.0,0.0,0.0
2019-05-06,05129,2019,19,1,0.0,1,False,0.0,0.0,0.0,1.0
2019-05-13,05001,2019,20,12,0.0,8,False,0.5,0.0,0.16666666666666666,0.3333333333333333
2019-05-13,05040,2019,20,1,0.0,4,False,0.0,0.0,0.0,1.0
2019-05-13,05042,2019,20,1,0.0,6,False,0.0,0.0,0.0,1.0
2019-05-13,05051,2019,20,1,0.0,7,False,0.0,0.0,0.0,1.0
2019-05-13,05088,2019,20,3,0.0,5,False,0.6666666666666666,0.0,0.0,0.3333333333333333
2019-05-13,05091,2019,20,1,0.0,14,False,0.0,0.0,0.0,1.0
2019-05-13,05129,2019,20,1,0.0,12,False,0.0,0.0,0.0,1.0
2019-05-13,05212,2019,20,1,0.0,12,False,0.0,0.0,0.0,1.0
2019-05-13,05318,2019,20,1,0.0,10,False,1.0,0.0,0.0,0.0
2019-05-13,05607,2019,20,1,0.0,5,False,0.0,0.0,1.0,0.0
2019-05-13,05895,2019,20,1,0.0,4,False,0.0,0.0,0.0,1.0
2019-05-20,05001,2019,21,11,0.0,8,False,0.5454545454545454,0.0,0.09090909090909091,0.36363636363636365
2019-05-20,05034,2019,21,1,0.0,15,False,0.0,0.0,0.0,1.0
2019-05-20,05088,2019,21,2,0.0,12,False,0.5,0.0,0.0,0.5
2019-05-20,05129,2019,21,1,0.0,13,False,1.0,0.0,0.0,0.0
2019-05-20,05147,2019,21,1,0.0,14,False,1.0,0.0,0.0,0.0
2019-05-20,05360,2019,21,3,0.0,11,False,1.0,0.0,0.0,0.0
2019-05-20,05380,2019,21,1,0.0,12,False,0.0,0.0,0.0,1.0
2019-05-20,05660,2019,21,1,0.0,7,False,0.0,0.0,0.0,1.0
2019-05-20,05736,2019,21,1,0.0,12,False,0.0,0.0,0.0,1.0
2019-05-20,05887,2019,21,1,0.0,12,False,1.0,0.0,0.0,0.0
2019-05-27,05001,2019,22,12,0.0,8,False,0.5,0.0,0.16666666666666666,0.3333333333333333
2019-05-27,05030,2019,22,2,0.0,7,False,1.0,0.0,0.0,0.0
2019-05-27,05088,2019,22,1,0.0,10,False,1.0,0.0,0.0,0.0
2019-05-27,05264,2019,22,1,0.0,6,False,0.0,0.0,0.0,1.0
2019-05-27,05425,2019,22,1,0.0,10,False,0.0,0.0,0.0,1.0
2019-05-27,05837,2019,22,1,0.0,9,False,0.0,0.0,0.0,1.0
2019-06-03,05001,2019,23,6,0.0,5,False,0.3333333333333333,0.0,0.0,0.6666666666666666
2019-06-03,05088,2019,23,2,0.0,11,False,0.5,0.0,0.0,0.5
2019-06-03,05318,2019,23,1,0.0,4,False,0.0,0.0,0.0,1.0
2019-06-03,05440,2019,23,1,0.0,11,False,1.0,0.0,0.0,0.0
2019-06-03,05649,2019,23,1,0.0,5,False,1.0,0.0,0.0,0.0
2019-06-03,05656,2019,23,1,0.0,6,False,1.0,0.0,0.0,0.0
2019-06-03,05697,2019,23,1,0.0,12,False,0.0,0.0,0.0,1.0
2019-06-03,05756,2019,23,1,0.0,14,False,0.0,0.0,0.0,1.0
2019-06-10,05001,2019,24,8,0.0,10,False,0.25,0.0,0.25,0.5
2019-06-10,05042,2019,24,1,0.0,6,False,0.0,0.0,0.0,1.0
2019-06-10,05212,2019,24,1,0.0,9,False,1.0,0.0,0.0,0.0
2019-06-10,05360,2019,24,1,0.0,5,False,1.0,0.0,0.0,0.0
2019-06-10,05664,2019,24,1,0.0,9,False,0.0,0.0,0.0,1.0
2019-06-10,05686,2019,24,1,0.0,4,False,1.0,0.0,0.0,0.0
2019-06-17,05001,2019,25,11,0.0,9,False,0.7272727272727273,0.0,0.0,0.2727272727272727
2019-06-17,05030,2019,25,1,0.0,13,False,1.0,0.0,0.0,0.0
2019-06-17,05088,2019,25,2,0.0,8,False,1.0,0.0,0.0,0.0
2019-06-17,05154,2019,25,1,0.0,8,False,0.0,0.0,0.0,1.0
2019-06-17,05237,2019,25,2,0.0,9,False,1.0,0.0,0.0,0.0
2019-06-17,05266,2019,25,1,0.0,8,False,1.0,0.0,0.0,0.0
2019-06-17,05390,2019,25,1,0.0,8,False,1.0,0.0,0.0,0.0
2019-06-17,05579,2019,25,1,0.0,9,False,0.0,0.0,0.0,1.0
2019-06-17,05736,2019,25,1,0.0,5,False,0.0,0.0,0.0,1.0
2019-06-17,05842,2019,25,1,0.0,6,False,0.0,0.0,0.0,1.0
2019-06-24,05001,2019,26,8,0.0,8,False,0.375,0.0,0.0,0.625
2019-06-24,05088,2019,26,1,0.0,8,False,0.0,0.0,0.0,1.0
2019-06-24,05093,2019,26,1,0.0,8,False,0.0,0.0,0.0,1.0
2019-06-24,05154,2019,26,1,0.0,13,False,0.0,0.0,0.0,1.0
2019-06-24,05250,2019,26,1,0.0,11,False,0.0,0.0,0.0,1.0
2019-06-24,05318,2019,26,1,0.0,7,False,1.0,0.0,0.0,0.0
2019-06-24,05360,2019,26,1,0.0,6,False,1.0,0.0,0.0,0.0
2019-06-24,05736,2019,26,1,0.0,9,False,0.0,0.0,0.0,1.0
2019-06-24,05887,2019,26,1,0.0,8,False,0.0,0.0,0.0,1.0
2019-07-01,05001,2019,27,6,0.0,9,False,0.5,0.0,0.0,0.5
2019-07-01,05088,2019,27,1,0.0,9,False,1.0,0.0,0.0,0.0
2019-07-01,05264,2019,27,1,0.0,5,False,0.0,0.0,0.0,1.0
2019-07-01,05615,2019,27,1,0.0,10,False,0.0,0.0,0.0,1.0
2019-07-01,05631,2019,27,1,0.0,19,False,1.0,0.0,0.0,0.0
2019-07-01,05647,2019,27,1,0.0,8,False,0.0,0.0,0.0,1.0
2019-07-01,05686,2019,27,1,0.0,11,False,1.0,0.0,0.0,0.0
2019-07-01,05756,2019,27,1,0.0,7,False,0.0,0.0,0.0,1.0
2019-07-01,05861,2019,27,1,0.0,3,False,0.0,1.0,0.0,0.0
2019-07-08,05001,2019,28,6,0.0,6,False,0.3333333333333333,0.0,0.16666666666666666,0.5
2019-07-08,05147,2019,28,1,0.0,17,False,0.0,0.0,0.0,1.0
2019-07-08,05308,2019,28,1,0.0,8,False,1.0,0.0,0.0,0.0
2019-07-08,05674,2019,28,1,0.0,7,False,1.0,0.0,0.0,0.0
2019-07-15,05001,2019,29,11,0.0,8,False,0.6363636363636364,0.0,0.0,0.36363636363636365
2019-07-15,05234,2019,29,1,0.0,3,False,0.0,0.0,0.0,1.0
2019-07-15,05628,2019,29,1,0.0,7,False,0.0,0.0,0.0,1.0
2019-07-22,05001,2019,30,8,0.0,9,False,0.5,0.0,0.0,0.5
2019-07-22,05088,2019,30,2,0.0,11,False,1.0,0.0,0.0,0.0
2019-07-22,05234,2019,30,1,0.0,14,False,0.0,1.0,0.0,0.0
2019-07-22,05308,2019,30,1,0.0,6,False,1.0,0.0,0.0,0.0
2019-07-22,05380,2019,30,1,0.0,8,False,0.0,0.0,0.0,1.0
2019-07-22,05656,2019,30,1,0.0,11,False,1.0,0.0,0.0,0.0
2019-07-29,05001,2019,31,4,0.0,13,False,0.5,0.0,0.0,0.5
2019-07-29,05044,2019,31,1,0.0,9,False,1.0,0.0,0.0,0.0
2019-07-29,05045,2019,31,1,0.0,7,False,0.0,0.0,0.0,1.0
2019-07-29,05237,2019,31,1,0.0,5,False,1.0,0.0,0.0,0.0
2019-07-29,05266,2019,31,1,0.0,14,False,0.0,0.0,1.0,0.0
2019-07-29,05360,2019,31,2,0.0,11,False,0.5,0.0,0.0,0.5
2019-07-29,05368,2019,31,1,0.0,6,False,1.0,0.0,0.0,0.0
2019-08-05,05001,2019,32,5,0.0,10,False,0.2,0.0,0.2,0.6
2019-08-05,05045,2019,32,1,0.0,8,False,0.0,0.0,0.0,1.0
2019-08-05,05088,2019,32,2,0.0,14,False,0.0,0.0,0.5,0.5
2019-08-05,05154,2019,32,1,0.0,9,False,0.0,0.0,0.0,1.0
2019-08-05,05212,2019,32,1,0.0,8,False,1.0,0.0,0.0,0.0
2019-08-05,05237,2019,32,1,0.0,7,False,0.0,0.0,0.0,1.0
2019-08-05,05284,2019,32,1,0.0,5,False,0.0,1.0,0.0,0.0
2019-08-05,05360,2019,32,1,0.0,7,False,0.0,0.0,0.0,1.0
2019-08-05,05887,2019,32,1,0.0,7,False,0.0,0.0,0.0,1.0
2019-08-12,05001,2019,33,1,0.0,8,False,1.0,0.0,0.0,0.0
2019-08-12,05088,2019,33,1,0.0,7,False,0.0,0.0,0.0,1.0
2019-08-12,05308,2019,33,1,0.0,9,False,1.0,0.0,0.0,0.0
2019-08-12,05887,2019,33,1,0.0,9,False,0.0,0.0,0.0,1.0
2019-08-19,05001,2019,34,2,0.0,9,False,0.5,0.0,0.0,0.5
2019-08-19,05088,2019,34,1,0.0,5,False,0.0,0.0,0.0,1.0
2019-08-19,05212,2019,34,1,0.0,6,False,1.0,0.0,0.0,0.0
2019-08-19,05234,2019,34,1,0.0,5,False,1.0,0.0,0.0,0.0
2019-08-19,05579,2019,34,1,0.0,8,False,0.0,0.0,0.0,1.0
2019-08-26,05001,2019,35,4,0.0,7,False,0.25,0.0,0.0,0.75
2019-08-26,05045,2019,35,1,0.0,3,False,1.0,0.0,0.0,0.0
2019-08-26,05088,2019,35,1,0.0,5,False,0.0,0.0,0.0,1.0
2019-08-26,05190,2019,35,1,0.0,10,False,0.0,0.0,0.0,1.0
2019-09-02,05001,2019,36,3,0.0,5,False,0.3333333333333333,0.0,0.0,0.6666666666666666
2019-09-02,05615,2019,36,1,0.0,4,False,0.0,0.0,1.0,0.0
2019-09-09,05001,2019,37,5,0.0,4,False,0.4,0.0,0.0,0.6
2019-09-09,05088,2019,37,1,0.0,12,False,1.0,0.0,0.0,0.0
2019-09-09,05154,2019,37,1,0.0,10,False,1.0,0.0,0.0,0.0
2019-09-09,05212,2019,37,1,0.0,8,False,0.0,0.0,0.0,1.0
2019-09-16,05001,2019,38,1,0.0,9,False,1.0,0.0,0.0,0.0
2019-09-23,05001,2019,39,3,0.0,8,False,0.3333333333333333,0.0,0.0,0.6666666666666666
2019-09-23,05308,2019,39,1,0.0,4,False,1.0,0.0,0.0,0.0
2019-09-30,05001,2019,40,2,0.0,13,False,1.0,0.0,0.0,0.0
2019-09-30,05088,2019,40,1,0.0,23,False,0.0,1.0,0.0,0.0
2019-09-30,05411,2019,40,1,0.0,6,False,0.0,0.0,0.0,1.0
2019-09-30,05579,2019,40,1,0.0,5,False,0.0,0.0,0.0,1.0
2019-09-30,05697,2019,40,1,0.0,11,False,1.0,0.0,0.0,0.0
2019-10-07,05001,2019,41,3,0.0,6,False,0.6666666666666666,0.0,0.0,0.3333333333333333
2019-10-07,05088,2019,41,1,0.0,6,False,1.0,0.0,0.0,0.0
2019-10-07,05212,2019,41,1,0.0,2,False,1.0,0.0,0.0,0.0
2019-10-07,05360,2019,41,1,0.0,5,False,1.0,0.0,0.0,0.0
2019-10-07,05686,2019,41,1,0.0,6,False,1.0,0.0,0.0,0.0
2019-10-14,05001,2019,42,3,0.0,15,False,0.6666666666666666,0.0,0.0,0.3333333333333333
2019-10-14,05284,2019,42,1,0.0,4,False,0.0,0.0,0.0,1.0
2019-10-14,05360,2019,42,1,0.0,5,False,1.0,0.0,0.0,0.0
2019-10-21,05001,2019,43,2,0.0,3,False,1.0,0.0,0.0,0.0
2019-10-21,05628,2019,43,1,0.0,7,False,0.0,0.0,0.0,1.0
2019-10-28,05001,2019,44,7,0.0,8,False,0.7142857142857143,0.0,0.0,0.2857142857142857
2019-10-28,05282,2019,44,1,0.0,8,False,1.0,0.0,0.0,0.0
2019-10-28,05660,2019,44,1,0.0,16,False,0.0,0.0,0.0,1.0
2019-10-28,05887,2019,44,1,0.0,8,False,0.0,0.0,0.0,1.0
2019-11-04,05001,2019,45,4,0.0,7,False,0.5,0.0,0.0,0.5
2019-11-04,05543,2019,45,1,0.0,6,False,0.0,0.0,0.0,1.0
2019-11-04,05631,2019,45,1,0.0,8,False,1.0,0.0,0.0,0.0
2019-11-11,05001,2019,46,2,0.0,3,False,0.5,0.0,0.0,0.5
2019-11-11,05088,2019,46,2,0.0,4,False,0.0,0.5,0.0,0.5
2019-11-11,05266,2019,46,1,0.0,7,False,0.0,0.0,0.0,1.0
2019-11-11,05321,2019,46,1,0.0,4,False,1.0,0.0,0.0,0.0
2019-11-11,05440,2019,46,1,0.0,7,False,0.0,0.0,0.0,1.0
2019-11-11,05895,2019,46,1,0.0,5,False,0.0,0.0,0.0,1.0
2019-11-18,05001,2019,47,7,0.0,8,False,0.8571428571428571,0.0,0.0,0.14285714285714285
2019-11-18,05088,2019,47,2,0.0,9,False,1.0,0.0,0.0,0.0
2019-11-25,05001,2019,48,5,0.0,9,False,0.2,0.0,0.2,0.6
2019-11-25,05088,2019,48,2,0.0,7,False,1.0,0.0,0.0,0.0
2019-11-25,05697,2019,48,1,0.0,10,False,0.0,0.0,0.0,1.0
2019-12-02,05001,2019,49,6,0.0,7,False,0.6666666666666666,0.0,0.0,0.3333333333333333
2019-12-02,05266,2019,49,1,0.0,9,False,1.0,0.0,0.0,0.0
2019-12-02,05895,2019,49,1,0.0,7,False,0.0,0.0,0.0,1.0
2019-12-09,05001,2019,50,7,0.0,8,False,0.5714285714285714,0.0,0.0,0.42857142857142855
2019-12-09,05088,2019,50,1,0.0,9,False,1.0,0.0,0.0,0.0
2019-12-09,05107,2019,50,1,0.0,6,False,1.0,0.0,0.0,0.0
2019-12-09,05284,2019,50,1,0.0,9,False,0.0,0.0,0.0,1.0
2019-12-09,05756,2019,50,1,0.0,11,False,0.0,0.0,0.0,1.0
2019-12-16,05001,2019,51,11,0.0,8,False,0.6363636363636364,0.0,0.0,0.36363636363636365
2019-12-16,05088,2019,51,4,0.0,7,False,0.5,0.0,0.0,0.5
2019-12-16,05240,2019,51,1,0.0,3,False,0.0,0.0,0.0,1.0
2019-12-16,05376,2019,51,1,0.0,8,False,1.0,0.0,0.0,0.0
2019-12-23,05001,2019,52,12,0.0,9,False,0.5,0.0,0.08333333333333333,0.4166666666666667
2019-12-23,05088,2019,52,2,0.0,11,False,0.5,0.0,0.0,0.5
2019-12-23,05364,2019,52,1,0.0,9,False,0.0,0.0,0.0,1.0
2019-12-23,05890,2019,52,1,0.0,11,False,1.0,0.0,0.0,0.0
2019-12-30,05001,2020,1,16,0.0,8,False,0.8125,0.0625,0.0,0.125
2019-12-30,05044,2020,1,1,0.0,14,False,1.0,0.0,0.0,0.0
2019-12-30,05088,2020,1,1,0.0,7,False,1.0,0.0,0.0,0.0
2019-12-30,05308,2020,1,2,0.0,8,False,0.0,0.0,0.0,1.0
2019-12-30,05649,2020,1,1,0.0,14,False,0.0,0.0,0.0,1.0
2019-12-30,05664,2020,1,1,0.0,12,False,1.0,0.0,0.0,0.0
2020-01-06,05001,2020,2,7,0.0,7,False,0.7142857142857143,0.14285714285714285,0.0,0.14285714285714285
2020-01-06,05364,2020,2,1,0.0,8,False,0.0,0.0,0.0,1.0
2020-01-06,05649,2020,2,1,0.0,16,False,0.0,0.0,0.0,1.0
2020-01-06,05697,2020,2,1,0.0,10,False,1.0,0.0,0.0,0.0
2020-01-13,05001,2020,3,5,0.0,9,False,1.0,0.0,0.0,0.0
2020-01-13,05088,2020,3,3,0.0,7,False,0.6666666666666666,0.0,0.0,0.3333333333333333
2020-01-13,05129,2020,3,1,0.0,6,False,1.0,0.0,0.0,0.0
2020-01-13,05360,2020,3,1,0.0,4,False,1.0,0.0,0.0,0.0
2020-01-13,05579,2020,3,2,0.0,6,False,1.0,0.0,0.0,0.0
2020-01-13,05837,2020,3,1,0.0,10,False,0.0,0.0,0.0,1.0
2020-01-20,05001,2020,4,6,0.0,11,False,0.8333333333333334,0.0,0.0,0.16666666666666666
2020-01-20,05088,2020,4,1,0.0,10,False,1.0,0.0,0.0,0.0
2020-01-20,05234,2020,4,1,0.0,10,False,0.0,0.0,0.0,1.0
2020-01-27,05001,2020,5,7,0.0,7,False,0.8571428571428571,0.0,0.0,0.14285714285714285
2020-01-27,05206,2020,5,1,0.0,8,False,1.0,0.0,0.0,0.0
2020-01-27,05313,2020,5,1,0.0,6,False,1.0,0.0,0.0,0.0
2020-01-27,05360,2020,5,1,0.0,9,False,0.0,0.0,0.0,1.0
2020-01-27,05736,2020,5,1,0.0,11,False,1.0,0.0,0.0,0.0
2020-02-03,05001,2020,6,9,0.0,8,False,0.8888888888888888,0.0,0.0,0.1111111111111111
2020-02-03,05088,2020,6,1,0.0,7,False,1.0,0.0,0.0,0.0
2020-02-03,05129,2020,6,1,0.0,7,False,0.0,0.0,0.0,1.0
2020-02-03,05154,2020,6,1,0.0,12,False,1.0,0.0,0.0,0.0
2020-02-03,05264,2020,6,1,0.0,10,False,1.0,0.0,0.0,0.0
2020-02-03,05360,2020,6,1,0.0,5,False,1.0,0.0,0.0,0.0
2020-02-10,05001,2020,7,3,0.0,7,False,1.0,0.0,0.0,0.0
2020-02-17,05001,2020,8,8,0.0,10,False,0.75,0.125,0.0,0.125
2020-02-17,05088,2020,8,1,0.0,7,False,0.0,0.0,0.0,1.0
2020-02-17,05266,2020,8,1,0.0,7,False,0.0,0.0,0.0,1.0
2020-02-17,05284,2020,8,1,0.0,17,False,1.0,0.0,0.0,0.0
2020-02-17,05686,2020,8,1,0.0,7,False,1.0,0.0,0.0,0.0
2020-02-17,05854,2020,8,1,0.0,8,False,1.0,0.0,0.0,0.0
2020-02-24,05001,2020,9,10,0.0,10,False,0.7,0.0,0.1,0.2
2020-03-02,05001,2020,10,13,0.0,9,False,0.6923076923076923,0.07692307692307693,0.0,0.23076923076923078
2020-03-02,05088,2020,10,3,0.0,10,False,0.6666666666666666,0.0,0.0,0.3333333333333333
2020-03-02,05736,2020,10,1,0.0,7,False,1.0,0.0,0.0,0.0
2020-03-09,05001,2020,11,5,0.0,10,True,1.0,0.0,0.0,0.0
2020-03-09,05107,2020,11,1,0.0,8,True,1.0,0.0,0.0,0.0
2020-03-09,05264,2020,11,1,0.0,8,True,1.0,0.0,0.0,0.0
2020-03-09,05360,2020,11,1,0.0,10,True,0.0,1.0,0.0,0.0
2020-03-09,05364,2020,11,1,0.0,11,True,1.0,0.0,0.0,0.0
2020-03-16,05001,2020,12,11,0.0,9,True,0.8181818181818182,0.0,0.09090909090909091,0.09090909090909091
2020-03-16,05360,2020,12,1,0.0,11,True,0.0,0.0,0.0,1.0
2020-03-16,05380,2020,12,1,0.0,9,True,1.0,0.0,0.0,0.0
2020-03-16,05679,2020,12,1,0.0,5,True,0.0,0.0,0.0,1.0
2020-03-23,05001,2020,13,4,0.0,10,True,0.75,0.0,0.0,0.25
2020-03-23,05308,2020,13,1,0.0,3,True,0.0,0.0,0.0,1.0
2020-03-23,05664,2020,13,1,0.0,29,True,0.0,0.0,0.0,1.0
2020-03-30,05001,2020,14,10,0.0,6,True,0.5,0.0,0.0,0.5
2020-03-30,05040,2020,14,1,0.0,20,True,0.0,0.0,0.0,1.0
2020-03-30,05113,2020,14,1,0.0,8,True,1.0,0.0,0.0,0.0
2020-03-30,05411,2020,14,1,0.0,8,True,0.0,0.0,0.0,1.0
2020-04-06,05001,2020,15,6,0.0,7,True,0.8333333333333334,0.0,0.0,0.16666666666666666
2020-04-06,05088,2020,15,2,0.0,4,True,0.0,0.0,0.0,1.0
2020-04-06,05154,2020,15,1,0.0,12,True,1.0,0.0,0.0,0.0
2020-04-06,05360,2020,15,1,0.0,23,True,1.0,0.0,0.0,0.0
2020-04-06,05490,2020,15,1,0.0,9,True,1.0,0.0,0.0,0.0
2020-04-06,05579,2020,15,2,0.0,7,True,1.0,0.0,0.0,0.0
2020-04-06,05604,2020,15,1,0.0,4,True,1.0,0.0,0.0,0.0
2020-04-13,05001,2020,16,4,0.0,11,True,1.0,0.0,0.0,0.0
2020-04-13,05197,2020,16,1,0.0,5,True,0.0,0.0,0.0,1.0
2020-04-13,05604,2020,16,1,0.0,4,True,0.0,0.0,0.0,1.0
2020-04-20,05001,2020,17,5,0.0,9,True,1.0,0.0,0.0,0.0
2020-04-20,05480,2020,17,1,0.0,1,True,1.0,0.0,0.0,0.0
2020-04-27,05001,2020,18,1,0.0,14,True,0.0,0.0,0.0,1.0
2020-04-27,05649,2020,18,1,0.0,4,True,0.0,0.0,1.0,0.0
2020-05-04,05001,2020,19,4,0.0,4,True,1.0,0.0,0.0,0.0
2020-05-18,05001,2020,21,2,0.0,3,True,1.0,0.0,0.0,0.0
2020-05-25,05001,2020,22,1,0.0,27,True,1.0,0.0,0.0,0.0
2020-06-01,05001,2020,23,3,0.0,16,True,0.6666666666666666,0.0,0.3333333333333333,0.0
2020-06-08,05001,2020,24,4,0.0,6,True,0.5,0.0,0.0,0.5
2020-06-08,05631,2020,24,1,0.0,13,True,0.0,1.0,0.0,0.0
2020-06-08,05789,2020,24,1,0.0,19,True,1.0,0.0,0.0,0.0
2020-06-08,05837,2020,24,1,0.0,24,True,0.0,0.0,0.0,1.0
2020-06-15,05001,2020,25,5,0.0,14,True,0.4,0.0,0.0,0.6
2020-06-15,05101,2020,25,1,0.0,10,True,0.0,0.0,0.0,1.0
2020-06-15,05736,2020,25,1,0.0,13,True,1.0,0.0,0.0,0.0
2020-06-22,05001,2020,26,9,0.0,10,True,0.6666666666666666,0.0,0.0,0.3333333333333333
2020-06-29,05001,2020,27,15,0.0,8,True,0.8,0.0,0.0,0.2
2020-06-29,05045,2020,27,1,0.0,1,True,1.0,0.0,0.0,0.0
2020-06-29,05172,2020,27,1,0.0,3,True,1.0,0.0,0.0,0.0
2020-06-29,05284,2020,27,1,0.0,8,True,1.0,0.0,0.0,0.0
2020-06-29,05360,2020,27,1,0.0,14,True,1.0,0.0,0.0,0.0
2020-06-29,05490,2020,27,1,0.0,38,True,1.0,0.0,0.0,0.0
2020-06-29,05607,2020,27,1,0.0,16,True,1.0,0.0,0.0,0.0
2020-06-29,05665,2020,27,1,0.0,9,True,0.0,0.0,0.0,1.0
2020-06-29,05679,2020,27,1,0.0,1,True,1.0,0.0,0.0,0.0
2020-06-29,05837,2020,27,1,0.0,1,True,1.0,0.0,0.0,0.0
2020-07-06,05001,2020,28,17,0.0,5,True,0.7058823529411765,0.0,0.0,0.29411764705882354
2020-07-06,05154,2020,28,1,0.0,1,True,1.0,0.0,0.0,0.0
2020-07-06,05591,2020,28,1,0.0,2,True,1.0,0.0,0.0,0.0
2020-07-20,05001,2020,30,1,0.0,18,True,1.0,0.0,0.0,0.0
2020-07-20,05360,2020,30,1,0.0,22,True,1.0,0.0,0.0,0.0
2020-07-20,05837,2020,30,1,0.0,3,True,1.0,0.0,0.0,0.0
2020-07-27,05001,2020,31,2,0.0,13,True,0.5,0.0,0.5,0.0
2020-07-27,05819,2020,31,1,0.0,12,True,1.0,0.0,0.0,0.0
2020-08-03,05001,2020,32,3,0.0,9,True,1.0,0.0,0.0,0.0
2020-08-10,05001,2020,33,2,0.0,10,True,0.0,0.0,0.0,1.0
2020-08-17,05001,2020,34,2,0.0,4,True,0.5,0.0,0.0,0.5
2020-08-24,05360,2020,35,1,0.0,11,True,1.0,0.0,0.0,0.0
2020-08-31,05001,2020,36,1,0.0,5,True,0.0,0.0,0.0,1.0
2020-09-07,05440,2020,37,1,0.0,7,True,0.0,0.0,0.0,1.0
2020-09-21,05001,2020,39,1,0.0,12,True,0.0,0.0,0.0,1.0
2020-10-12,05001,2020,42,3,0.0,7,True,0.3333333333333333,0.0,0.0,0.6666666666666666
2020-11-16,05001,2020,47,1,0.0,13,True,0.0,0.0,0.0,1.0
2020-11-23,05001,2020,48,4,0.0,6,True,0.25,0.0,0.75,0.0
2020-11-30,05001,2020,49,1,0.0,5,True,0.0,0.0,0.0,1.0
2020-12-14,05001,2020,51,1,0.0,8,True,0.0,1.0,0.0,0.0
2020-12-28,05001,2020,53,3,0.0,14,True,0.0,0.0,0.0,1.0
2021-01-04,05001,2021,1,14,0.0,9,True,0.42857142857142855,0.0,0.2857142857142857,0.2857142857142857
2021-01-11,05001,2021,2,23,0.0,6,True,0.17391304347826086,0.043478260869565216,0.21739130434782608,0.5652173913043478
2021-01-18,05001,2021,3,16,0.0,6,True,0.4375,0.0,0.0625,0.5
2021-01-25,05001,2021,4,10,0.0,6,True,0.2,0.0,0.2,0.6
2021-02-01,05001,2021,5,13,0.0,5,True,0.23076923076923078,0.07692307692307693,0.07692307692307693,0.6153846153846154
2021-02-08,05001,2021,6,8,0.0,4,True,0.25,0.0,0.125,0.625
2021-02-15,05001,2021,7,10,0.0,6,True,0.5,0.0,0.1,0.4
2021-02-22,05001,2021,8,11,0.0,4,True,0.36363636363636365,0.0,0.09090909090909091,0.5454545454545454
2021-03-01,05001,2021,9,10,0.0,5,True,0.5,0.0,0.2,0.3
2021-03-08,05001,2021,10,11,0.0,5,True,0.36363636363636365,0.0,0.0,0.6363636363636364
2021-03-15,05001,2021,11,9,0.0,7,True,0.4444444444444444,0.0,0.1111111111111111,0.4444444444444444
2021-03-22,05001,2021,12,12,0.0,6,True,0.5,0.0,0.08333333333333333,0.4166666666666667
2021-03-29,05001,2021,13,6,0.0,6,True,0.3333333333333333,0.0,0.0,0.6666666666666666
2021-04-05,05001,2021,14,7,0.0,4,True,0.7142857142857143,0.0,0.0,0.2857142857142857
2021-04-12,05001,2021,15,7,0.0,4,True,0.42857142857142855,0.0,0.2857142857142857,0.2857142857142857
2021-04-19,05001,2021,16,12,0.0,4,True,0.4166666666666667,0.0,0.08333333333333333,0.5
2021-04-26,05001,2021,17,3,0.0,3,True,0.6666666666666666,0.0,0.0,0.3333333333333333
2021-05-03,05001,2021,18,11,0.0,6,True,0.09090909090909091,0.0,0.2727272727272727,0.6363636363636364
2021-05-10,05001,2021,19,7,0.0,6,True,1.0,0.0,0.0,0.0
2021-05-17,05001,2021,20,10,0.0,5,True,0.4,0.0,0.1,0.5
2021-05-24,05001,2021,21,10,0.0,6,True,0.5,0.0,0.0,0.5
2021-05-31,05001,2021,22,9,0.0,9,True,0.4444444444444444,0.0,0.0,0.5555555555555556
2021-06-07,05001,2021,23,11,0.0,6,True,0.36363636363636365,0.0,0.09090909090909091,0.5454545454545454
2021-06-14,05001,2021,24,10,0.0,7,True,0.4,0.0,0.1,0.5
2021-06-21,05001,2021,25,10,0.0,4,True,0.7,0.0,0.1,0.2
2021-06-28,05001,2021,26,11,0.0,7,True,0.7272727272727273,0.0,0.0,0.2727272727272727
2021-06-28,05042,2021,26,1,0.0,3,True,1.0,0.0,0.0,0.0
2021-07-05,05001,2021,27,9,0.0,6,True,0.7777777777777778,0.0,0.0,0.2222222222222222
2021-07-12,05001,2021,28,12,0.0,7,True,0.5,0.0,0.08333333333333333,0.4166666666666667
2021-07-19,05001,2021,29,12,0.0,7,True,0.75,0.0,0.08333333333333333,0.16666666666666666
2021-07-26,05001,2021,30,6,0.0,7,True,0.5,0.0,0.16666666666666666,0.3333333333333333
2021-08-02,05001,2021,31,13,0.0,6,True,0.6153846153846154,0.0,0.07692307692307693,0.3076923076923077
2021-08-09,05001,2021,32,12,0.0,6,True,0.5,0.0,0.08333333333333333,0.4166666666666667
2021-08-16,05001,2021,33,13,0.0,6,True,0.6153846153846154,0.0,0.0,0.38461538461538464
2021-08-23,05001,2021,34,17,0.0,7,True,0.5882352941176471,0.0,0.058823529411764705,0.35294117647058826
2021-08-30,05001,2021,35,12,0.0,9,True,0.6666666666666666,0.0,0.0,0.3333333333333333
2021-09-06,05001,2021,36,13,0.0,10,True,0.5384615384615384,0.0,0.15384615384615385,0.3076923076923077
2021-09-13,05001,2021,37,12,0.0,8,True,0.6666666666666666,0.0,0.08333333333333333,0.25
2021-09-20,05001,2021,38,15,0.0,7,True,0.8,0.0,0.0,0.2
2021-09-27,05001,2021,39,12,0.0,5,True,0.4166666666666667,0.0,0.0,0.5833333333333334
2021-10-04,05001,2021,40,8,0.0,10,True,0.625,0.0,0.0,0.375
2021-10-11,05001,2021,41,13,0.0,8,True,0.7692307692307693,0.0,0.07692307692307693,0.15384615384615385
2021-10-18,05001,2021,42,6,0.0,8,True,0.3333333333333333,0.0,0.0,0.6666666666666666
2021-10-25,05001,2021,43,10,0.0,8,True,0.8,0.0,0.1,0.1
2021-11-01,05001,2021,44,12,0.0,10,True,0.6666666666666666,0.0,0.08333333333333333,0.25
2021-11-08,05001,2021,45,10,0.0,9,True,0.6,0.0,0.1,0.3
2021-11-15,05001,2021,46,9,0.0,7,True,0.5555555555555556,0.0,0.1111111111111111,0.3333333333333333
2021-11-22,05001,2021,47,7,0.0,12,True,0.8571428571428571,0.0,0.14285714285714285,0.0
2021-11-29,05001,2021,48,10,0.0,11,True,0.7,0.0,0.0,0.3
2021-12-06,05001,2021,49,6,0.0,9,True,0.3333333333333333,0.0,0.16666666666666666,0.5
2021-12-13,05001,2021,50,13,0.0,9,True,0.46153846153846156,0.0,0.07692307692307693,0.46153846153846156
2021-12-20,05001,2021,51,12,0.0,8,True,0.5833333333333334,0.0,0.0,0.4166666666666667
2021-12-27,05001,2021,52,17,0.0,6,True,0.7647058823529411,0.0,0.0,0.23529411764705882
2022-01-03,05001,2022,1,12,0.0,7,False,0.25,0.0,0.25,0.5
2022-01-10,05001,2022,2,8,0.0,6,False,0.5,0.0,0.25,0.25
2022-01-17,05001,2022,3,7,0.0,9,False,0.7142857142857143,0.0,0.0,0.2857142857142857
2022-01-24,05001,2022,4,4,0.0,6,False,0.5,0.0,0.25,0.25
2022-02-07,05001,2022,6,5,0.0,4,False,0.8,0.0,0.0,0.2
2022-02-14,05001,2022,7,3,0.0,6,False,0.3333333333333333,0.0,0.0,0.6666666666666666
2022-02-21,05001,2022,8,7,0.0,5,False,0.5714285714285714,0.0,0.0,0.42857142857142855
2022-02-28,05001,2022,9,6,0.0,9,False,0.16666666666666666,0.0,0.0,0.8333333333333334
2022-03-07,05001,2022,10,4,0.0,10,False,0.75,0.0,0.0,0.25
2022-03-14,05001,2022,11,4,0.0,7,False,0.25,0.0,0.0,0.75
2022-03-14,05088,2022,11,1,0.0,5,False,0.0,0.0,0.0,1.0
2022-03-21,05001,2022,12,5,0.0,7,False,0.2,0.0,0.0,0.8
2022-03-28,05001,2022,13,5,0.0,6,False,0.4,0.0,0.4,0.2
2022-03-28,05088,2022,13,1,0.0,14,False,1.0,0.0,0.0,0.0
2022-04-04,05001,2022,14,5,0.0,5,False,0.8,0.0,0.0,0.2
2022-04-04,05088,2022,14,1,0.0,7,False,0.0,0.0,1.0,0.0
2022-04-04,05129,2022,14,1,0.0,5,False,0.0,0.0,0.0,1.0
2022-04-11,05001,2022,15,5,0.0,5,False,0.8,0.0,0.0,0.2
2022-04-11,05088,2022,15,1,0.0,9,False,1.0,0.0,0.0,0.0
2022-04-11,05360,2022,15,1,0.0,8,False,1.0,0.0,0.0,0.0
2022-04-18,05001,2022,16,3,0.0,4,False,0.6666666666666666,0.0,0.0,0.3333333333333333
2022-04-18,05030,2022,16,1,0.0,5,False,0.0,0.0,1.0,0.0
2022-04-18,05088,2022,16,1,0.0,3,False,0.0,0.0,0.0,1.0
2022-04-18,05360,2022,16,1,0.0,1,False,0.0,0.0,0.0,1.0
2022-04-25,05001,2022,17,2,0.0,7,False,1.0,0.0,0.0,0.0
2022-04-25,05044,2022,17,1,0.0,3,False,0.0,0.0,0.0,1.0
2022-04-25,05045,2022,17,1,0.0,4,False,0.0,0.0,0.0,1.0
2022-04-25,05209,2022,17,1,0.0,7,False,0.0,0.0,0.0,1.0
2022-04-25,05250,2022,17,1,0.0,5,False,0.0,0.0,0.0,1.0
2022-04-25,05667,2022,17,1,0.0,4,False,1.0,0.0,0.0,0.0
2022-05-02,05001,2022,18,8,0.0,5,False,0.375,0.0,0.125,0.5
2022-05-02,05088,2022,18,1,0.0,4,False,0.0,0.0,0.0,1.0
2022-05-02,05440,2022,18,1,0.0,6,False,1.0,0.0,0.0,0.0
2022-05-02,05480,2022,18,1,0.0,7,False,0.0,0.0,0.0,1.0
2022-05-09,05001,2022,19,9,0.0,5,False,0.4444444444444444,0.0,0.3333333333333333,0.2222222222222222
2022-05-09,05088,2022,19,1,0.0,7,False,1.0,0.0,0.0,0.0
2022-05-09,05631,2022,19,1,0.0,5,False,1.0,0.0,0.0,0.0
2022-05-16,05001,2022,20,7,0.0,4,False,0.8571428571428571,0.0,0.0,0.14285714285714285
2022-05-16,05088,2022,20,2,0.0,5,False,1.0,0.0,0.0,0.0
2022-05-16,05837,2022,20,1,0.0,6,False,0.0,0.0,0.0,1.0
2022-05-23,05001,2022,21,9,0.0,6,False,0.6666666666666666,0.0,0.1111111111111111,0.2222222222222222
2022-05-23,05040,2022,21,1,0.0,7,False,0.0,0.0,0.0,1.0
2022-05-23,05088,2022,21,3,0.0,5,False,0.6666666666666666,0.0,0.3333333333333333,0.0
2022-05-23,05360,2022,21,1,0.0,37,False,1.0,0.0,0.0,0.0
2022-05-23,05615,2022,21,1,0.0,5,False,1.0,0.0,0.0,0.0
2022-05-30,05001,2022,22,7,0.0,5,False,0.7142857142857143,0.0,0.0,0.2857142857142857
2022-05-30,05631,2022,22,1,0.0,2,False,1.0,0.0,0.0,0.0
2022-06-06,05001,2022,23,8,0.0,5,False,0.625,0.0,0.0,0.375
2022-06-06,05088,2022,23,2,0.0,4,False,0.5,0.0,0.5,0.0
2022-06-06,05266,2022,23,1,0.0,7,False,1.0,0.0,0.0,0.0
2022-06-06,05282,2022,23,1,0.0,12,False,0.0,0.0,0.0,1.0
2022-06-06,05308,2022,23,1,0.0,5,False,1.0,0.0,0.0,0.0
2022-06-06,05380,2022,23,1,0.0,12,False,1.0,0.0,0.0,0.0
2022-06-06,05631,2022,23,1,0.0,6,False,0.0,0.0,0.0,1.0
2022-06-13,05001,2022,24,8,0.0,6,False,1.0,0.0,0.0,0.0
2022-06-13,05129,2022,24,1,0.0,5,False,1.0,0.0,0.0,0.0
2022-06-13,05138,2022,24,1,0.0,4,False,0.0,0.0,0.0,1.0
2022-06-13,05360,2022,24,1,0.0,9,False,1.0,0.0,0.0,0.0
2022-06-13,05631,2022,24,1,0.0,6,False,1.0,0.0,0.0,0.0
2022-06-13,05837,2022,24,1,0.0,8,False,0.0,0.0,0.0,1.0
2022-06-20,05001,2022,25,11,0.0,5,False,0.5454545454545454,0.0,0.0,0.45454545454545453
2022-06-20,05088,2022,25,3,0.0,9,False,1.0,0.0,0.0,0.0
2022-06-20,05360,2022,25,1,0.0,8,False,0.0,0.0,0.0,1.0
2022-06-20,05667,2022,25,1,0.0,7,False,0.0,0.0,0.0,1.0
2022-06-20,05674,2022,25,1,0.0,4,False,0.0,0.0,0.0,1.0
2022-06-27,05001,2022,26,9,0.0,5,False,0.5555555555555556,0.0,0.1111111111111111,0.3333333333333333
2022-06-27,05088,2022,26,1,0.0,7,False,1.0,0.0,0.0,0.0
2022-06-27,05360,2022,26,1,0.0,5,False,1.0,0.0,0.0,0.0
2022-06-27,05697,2022,26,1,0.0,4,False,0.0,0.0,0.0,1.0
2022-06-27,05847,2022,26,1,0.0,8,False,0.0,0.0,0.0,1.0
2022-07-04,05001,2022,27,7,0.0,4,False,0.8571428571428571,0.0,0.0,0.14285714285714285
2022-07-04,05088,2022,27,2,0.0,5,False,1.0,0.0,0.0,0.0
2022-07-11,05001,2022,28,13,0.0,4,False,0.6923076923076923,0.0,0.0,0.3076923076923077
2022-07-11,05360,2022,28,1,0.0,5,False,1.0,0.0,0.0,0.0
2022-07-11,05679,2022,28,1,0.0,9,False,0.0,0.0,0.0,1.0
2022-07-18,05001,2022,29,8,0.0,4,False,0.5,0.0,0.125,0.375
2022-07-18,05079,2022,29,1,0.0,8,False,0.0,0.0,0.0,1.0
2022-07-18,05615,2022,29,1,0.0,3,False,0.0,0.0,0.0,1.0
2022-07-18,05890,2022,29,1,0.0,7,False,1.0,0.0,0.0,0.0
2022-07-25,05001,2022,30,8,0.0,5,False,0.875,0.0,0.125,0.0
2022-07-25,05088,2022,30,1,0.0,6,False,1.0,0.0,0.0,0.0
2022-07-25,05250,2022,30,1,0.0,3,False,0.0,0.0,0.0,1.0
2022-08-01,05001,2022,31,8,0.0,4,False,0.875,0.0,0.0,0.125
2022-08-01,05088,2022,31,1,0.0,6,False,1.0,0.0,0.0,0.0
2022-08-01,05264,2022,31,1,0.0,6,False,0.0,0.0,0.0,1.0
2022-08-01,05887,2022,31,1,0.0,4,False,0.0,0.0,0.0,1.0
2022-08-08,05001,2022,32,8,0.0,5,False,0.75,0.0,0.0,0.25
2022-08-08,05079,2022,32,2,0.0,5,False,0.5,0.0,0.0,0.5
2022-08-08,05088,2022,32,2,0.0,5,False,0.5,0.0,0.0,0.5
2022-08-15,05001,2022,33,5,0.0,4,False,1.0,0.0,0.0,0.0
2022-08-15,05088,2022,33,2,0.0,4,False,1.0,0.0,0.0,0.0
2022-08-15,05264,2022,33,1,0.0,6,False,1.0,0.0,0.0,0.0
2022-08-15,05318,2022,33,1,0.0,6,False,0.0,0.0,0.0,1.0
2022-08-15,05360,2022,33,1,0.0,5,False,1.0,0.0,0.0,0.0
2022-08-22,05001,2022,34,11,0.0,5,False,0.6363636363636364,0.09090909090909091,0.0,0.2727272727272727
2022-08-22,05088,2022,34,1,0.0,6,False,1.0,0.0,0.0,0.0
2022-08-22,05206,2022,34,1,0.0,9,False,0.0,0.0,0.0,1.0
2022-08-22,05440,2022,34,1,0.0,9,False,0.0,0.0,0.0,1.0
2022-08-29,05001,2022,35,10,0.0,4,False,1.0,0.0,0.0,0.0
2022-09-05,05001,2022,36,10,0.0,5,False,0.5,0.0,0.1,0.4
2022-09-05,05088,2022,36,2,0.0,6,False,1.0,0.0,0.0,0.0
2022-09-05,05631,2022,36,1,0.0,8,False,0.0,0.0,0.0,1.0
2022-09-12,05001,2022,37,5,0.0,5,False,0.6,0.0,0.2,0.2
2022-09-12,05266,2022,37,1,0.0,7,False,1.0,0.0,0.0,0.0
2022-09-12,05380,2022,37,1,0.0,5,False,1.0,0.0,0.0,0.0
2022-09-12,05861,2022,37,1,0.0,3,False,1.0,0.0,0.0,0.0
2022-09-19,05001,2022,38,4,0.0,6,False,1.0,0.0,0.0,0.0
2022-09-19,05250,2022,38,1,0.0,10,False,0.0,0.0,0.0,1.0
2022-09-19,05380,2022,38,1,0.0,6,False,1.0,0.0,0.0,0.0
2022-09-19,05495,2022,38,1,0.0,8,False,0.0,0.0,0.0,1.0
2022-09-19,05887,2022,38,1,0.0,5,False,0.0,0.0,0.0,1.0
2022-09-26,05001,2022,39,5,0.0,6,False,0.8,0.0,0.0,0.2
2022-10-03,05001,2022,40,6,0.0,6,False,0.8333333333333334,0.0,0.0,0.16666666666666666
2022-10-03,05088,2022,40,1,0.0,10,False,1.0,0.0,0.0,0.0
2022-10-03,05360,2022,40,1,0.0,3,False,0.0,0.0,0.0,1.0
2022-10-03,05615,2022,40,1,0.0,3,False,0.0,0.0,0.0,1.0
2022-10-03,05697,2022,40,1,0.0,7,False,0.0,0.0,0.0,1.0
2022-10-10,05001,2022,41,3,0.0,8,False,0.3333333333333333,0.0,0.3333333333333333,0.3333333333333333
2022-10-10,05360,2022,41,1,0.0,5,False,1.0,0.0,0.0,0.0
2022-10-10,05368,2022,41,2,0.0,7,False,0.0,0.0,0.0,1.0
2022-10-10,05380,2022,41,1,0.0,6,False,0.0,0.0,0.0,1.0
2022-10-10,05679,2022,41,1,0.0,10,False,0.0,0.0,0.0,1.0
2022-10-10,05790,2022,41,1,0.0,9,False,0.0,0.0,0.0,1.0
2022-10-17,05001,2022,42,4,0.0,4,False,0.5,0.0,0.0,0.5
2022-10-17,05631,2022,42,1,0.0,7,False,1.0,0.0,0.0,0.0
2022-10-17,05656,2022,42,1,0.0,9,False,0.0,0.0,0.0,1.0
2022-10-24,05001,2022,43,4,0.0,5,False,1.0,0.0,0.0,0.0
2022-10-24,05264,2022,43,1,0.0,9,False,0.0,0.0,0.0,1.0
2022-10-24,05360,2022,43,1,0.0,6,False,1.0,0.0,0.0,0.0
2022-10-24,05380,2022,43,1,0.0,6,False,1.0,0.0,0.0,0.0
2022-10-31,05001,2022,44,4,0.0,5,False,0.25,0.0,0.0,0.75
2022-11-07,05001,2022,45,6,0.0,5,False,0.8333333333333334,0.0,0.0,0.16666666666666666
2022-11-07,05055,2022,45,1,0.0,8,False,0.0,0.0,0.0,1.0
2022-11-07,05088,2022,45,1,0.0,5,False,0.0,0.0,0.0,1.0
2022-11-07,05266,2022,45,1,0.0,7,False,1.0,0.0,0.0,0.0
2022-11-14,05001,2022,46,6,0.0,4,False,0.5,0.0,0.16666666666666666,0.3333333333333333
2022-11-14,05088,2022,46,2,0.0,5,False,1.0,0.0,0.0,0.0
2022-11-14,05360,2022,46,1,0.0,3,False,1.0,0.0,0.0,0.0
2022-11-21,05001,2022,47,8,0.0,6,False,0.625,0.0,0.0,0.375
2022-11-21,05088,2022,47,1,0.0,8,False,1.0,0.0,0.0,0.0
2022-11-21,05674,2022,47,1,0.0,8,False,0.0,0.0,0.0,1.0
2022-11-21,05697,2022,47,1,0.0,7,False,0.0,0.0,0.0,1.0
2022-11-21,05890,2022,47,1,0.0,9,False,0.0,0.0,0.0,1.0
2022-11-28,05001,2022,48,4,0.0,5,False,0.5,0.0,0.25,0.25
2022-11-28,05088,2022,48,1,0.0,6,False,1.0,0.0,0.0,0.0
2022-11-28,05148,2022,48,1,0.0,1,False,1.0,0.0,0.0,0.0
2022-11-28,05411,2022,48,1,0.0,6,False,0.0,0.0,0.0,1.0
2022-12-05,05001,2022,49,9,0.0,4,False,0.3333333333333333,0.0,0.0,0.6666666666666666
2022-12-05,05212,2022,49,1,0.0,3,False,1.0,0.0,0.0,0.0
2022-12-05,05380,2022,49,1,0.0,3,False,0.0,0.0,0.0,1.0
2022-12-12,05001,2022,50,5,0.0,3,False,0.6,0.0,0.0,0.4
2022-12-12,05887,2022,50,1,0.0,3,False,0.0,0.0,0.0,1.0
2022-12-19,05001,2022,51,3,0.0,5,False,1.0,0.0,0.0,0.0
2022-12-19,05088,2022,51,1,0.0,6,False,1.0,0.0,0.0,0.0
2022-12-19,05172,2022,51,1,0.0,5,False,0.0,0.0,0.0,1.0
2022-12-19,05631,2022,51,1,0.0,7,False,1.0,0.0,0.0,0.0
2022-12-26,05001,2022,52,1,0.0,4,False,0.0,0.0,0.0,1.0
2022-12-26,05237,2022,52,1,0.0,1,False,1.0,0.0,0.0,0.0
2022-12-26,05284,2022,52,1,0.0,4,False,0.0,0.0,0.0,1.0
2023-01-02,05001,2023,1,9,0.0,7,False,0.8888888888888888,0.0,0.0,0.1111111111111111
2023-01-02,05030,2023,1,1,0.0,2,False,1.0,0.0,0.0,0.0
2023-01-02,05088,2023,1,1,0.0,7,False,0.0,0.0,0.0,1.0
2023-01-09,05001,2023,2,7,0.0,4,False,0.7142857142857143,0.0,0.0,0.2857142857142857
2023-01-09,05044,2023,2,1,0.0,7,False,0.0,0.0,0.0,1.0
2023-01-09,05088,2023,2,1,0.0,2,False,1.0,0.0,0.0,0.0
2023-01-09,05190,2023,2,1,0.0,4,False,0.0,0.0,0.0,1.0
2023-01-09,05360,2023,2,1,0.0,6,False,1.0,0.0,0.0,0.0
2023-01-16,05001,2023,3,4,0.0,6,False,0.5,0.0,0.0,0.5
2023-01-16,05079,2023,3,1,0.0,7,False,1.0,0.0,0.0,0.0
2023-01-16,05887,2023,3,1,0.0,3,False,0.0,0.0,0.0,1.0
2023-01-23,05001,2023,4,1,0.0,16,False,0.0,0.0,0.0,1.0
2023-01-23,05088,2023,4,1,0.0,33,False,1.0,0.0,0.0,0.0
2023-01-30,05001,2023,5,6,0.0,10,False,0.5,0.0,0.0,0.5
2023-02-06,05001,2023,6,3,0.0,5,False,0.6666666666666666,0.0,0.0,0.3333333333333333
2023-02-06,05042,2023,6,1,0.0,6,False,0.0,0.0,0.0,1.0
2023-02-13,05001,2023,7,6,0.0,6,False,0.8333333333333334,0.0,0.0,0.16666666666666666
2023-02-20,05001,2023,8,1,0.0,3,False,1.0,0.0,0.0,0.0
2023-02-27,05001,2023,9,3,0.0,6,False,0.6666666666666666,0.0,0.0,0.3333333333333333
2023-02-27,05088,2023,9,1,0.0,4,False,0.0,0.0,0.0,1.0
2023-02-27,05308,2023,9,1,0.0,6,False,0.0,0.0,0.0,1.0
2023-02-27,05736,2023,9,1,0.0,6,False,0.0,0.0,1.0,0.0
2023-03-06,05001,2023,10,1,0.0,11,False,1.0,0.0,0.0,0.0
2023-03-06,05088,2023,10,2,0.0,3,False,0.5,0.0,0.5,0.0
2023-03-06,05631,2023,10,1,0.0,13,False,1.0,0.0,0.0,0.0
2023-03-13,05001,2023,11,6,0.0,8,False,0.8333333333333334,0.0,0.0,0.16666666666666666
2023-03-13,05266,2023,11,1,0.0,9,False,1.0,0.0,0.0,0.0
2023-03-13,05360,2023,11,1,0.0,8,False,0.0,0.0,1.0,0.0
2023-03-20,05001,2023,12,7,0.0,7,False,0.14285714285714285,0.0,0.14285714285714285,0.7142857142857143
2023-03-20,05079,2023,12,1,0.0,5,False,1.0,0.0,0.0,0.0
2023-03-20,05088,2023,12,2,0.0,6,False,0.5,0.0,0.0,0.5
2023-03-20,05129,2023,12,1,0.0,11,False,1.0,0.0,0.0,0.0
2023-03-27,05001,2023,13,4,0.0,8,False,1.0,0.0,0.0,0.0
2023-03-27,05615,2023,13,1,0.0,8,False,0.0,0.0,0.0,1.0
2023-04-03,05001,2023,14,8,0.0,9,False,0.5,0.0,0.125,0.375
2023-04-03,05088,2023,14,1,0.0,5,False,1.0,0.0,0.0,0.0
2023-04-03,05376,2023,14,1,0.0,5,False,1.0,0.0,0.0,0.0
2023-04-10,05001,2023,15,7,0.0,6,False,0.5714285714285714,0.0,0.0,0.42857142857142855
2023-04-10,05088,2023,15,1,0.0,5,False,1.0,0.0,0.0,0.0
2023-04-10,05266,2023,15,1,0.0,9,False,1.0,0.0,0.0,0.0
2023-04-10,05649,2023,15,1,0.0,7,False,0.0,0.0,0.0,1.0
2023-04-17,05001,2023,16,4,0.0,8,False,0.25,0.0,0.0,0.75
2023-04-17,05284,2023,16,1,0.0,4,False,0.0,0.0,0.0,1.0
2023-04-17,05440,2023,16,1,0.0,8,False,0.0,0.0,0.0,1.0
2023-04-24,05001,2023,17,6,0.0,8,False,0.5,0.0,0.0,0.5
2023-04-24,05579,2023,17,1,0.0,5,False,0.0,0.0,0.0,1.0
2023-05-01,05001,2023,18,10,0.0,7,False,0.8,0.0,0.0,0.2
2023-05-01,05042,2023,18,1,0.0,7,False,1.0,0.0,0.0,0.0
2023-05-01,05079,2023,18,1,0.0,9,False,0.0,0.0,0.0,1.0
2023-05-01,05088,2023,18,1,0.0,7,False,0.0,0.0,0.0,1.0
2023-05-01,05266,2023,18,1,0.0,4,False,1.0,0.0,0.0,0.0
2023-05-01,05380,2023,18,2,0.0,9,False,1.0,0.0,0.0,0.0
2023-05-08,05001,2023,19,8,0.0,9,False,0.375,0.0,0.125,0.5
2023-05-08,05088,2023,19,1,0.0,10,False,0.0,0.0,0.0,1.0
2023-05-08,05266,2023,19,1,0.0,6,False,0.0,0.0,0.0,1.0
2023-05-08,05858,2023,19,1,0.0,6,False,0.0,0.0,0.0,1.0
2023-05-15,05001,2023,20,7,0.0,7,False,0.2857142857142857,0.0,0.0,0.7142857142857143
2023-05-15,05440,2023,20,1,0.0,10,False,0.0,0.0,0.0,1.0
2023-05-22,05001,2023,21,9,0.0,7,False,0.3333333333333333,0.0,0.1111111111111111,0.5555555555555556
2023-05-22,05088,2023,21,1,0.0,7,False,1.0,0.0,0.0,0.0
2023-05-22,05212,2023,21,1,0.0,5,False,0.0,0.0,0.0,1.0
2023-05-22,05440,2023,21,1,0.0,6,False,0.0,0.0,0.0,1.0
2023-05-22,05736,2023,21,1,0.0,10,False,1.0,0.0,0.0,0.0
2023-05-22,05854,2023,21,1,0.0,10,False,0.0,0.0,0.0,1.0
2023-05-22,05887,2023,21,1,0.0,4,False,1.0,0.0,0.0,0.0
2023-05-29,05001,2023,22,12,0.0,8,False,0.5833333333333334,0.0,0.0,0.4166666666666667
2023-05-29,05234,2023,22,1,0.0,2,False,0.0,0.0,0.0,1.0
2023-05-29,05368,2023,22,1,0.0,10,False,1.0,0.0,0.0,0.0
2023-05-29,05380,2023,22,1,0.0,10,False,1.0,0.0,0.0,0.0
2023-05-29,05541,2023,22,1,0.0,13,False,1.0,0.0,0.0,0.0
2023-05-29,05670,2023,22,1,0.0,7,False,0.0,0.0,0.0,1.0
2023-05-29,05809,2023,22,1,0.0,10,False,0.0,0.0,0.0,1.0
2023-06-05,05001,2023,23,8,0.0,6,False,0.5,0.0,0.0,0.5
2023-06-05,05113,2023,23,1,0.0,11,False,0.0,0.0,0.0,1.0
2023-06-05,05670,2023,23,1,0.0,9,False,0.0,0.0,0.0,1.0
2023-06-12,05001,2023,24,5,0.0,6,False,0.8,0.0,0.0,0.2
2023-06-12,05266,2023,24,1,0.0,9,False,1.0,0.0,0.0,0.0
2023-06-12,05360,2023,24,1,0.0,6,False,1.0,0.0,0.0,0.0
2023-06-12,05390,2023,24,1,0.0,13,False,1.0,0.0,0.0,0.0
2023-06-19,05001,2023,25,6,0.0,8,False,0.3333333333333333,0.0,0.0,0.6666666666666666
2023-06-19,05042,2023,25,1,0.0,7,False,0.0,0.0,0.0,1.0
2023-06-19,05631,2023,25,1,0.0,10,False,0.0,0.0,0.0,1.0
2023-06-26,05001,2023,26,4,0.0,8,False,0.5,0.0,0.25,0.25
2023-07-03,05001,2023,27,8,0.0,7,False,0.625,0.0,0.0,0.375
2023-07-10,05001,2023,28,2,0.0,4,False,0.0,0.0,0.0,1.0
2023-07-10,05040,2023,28,1,0.0,8,False,0.0,0.0,0.0,1.0
2023-07-10,05042,2023,28,1,0.0,8,False,0.0,0.0,0.0,1.0
2023-07-10,05250,2023,28,1,0.0,9,False,0.0,0.0,0.0,1.0
2023-07-10,05306,2023,28,1,0.0,11,False,0.0,0.0,0.0,1.0
2023-07-10,05615,2023,28,1,0.0,5,False,0.0,0.0,0.0,1.0
2023-07-10,05674,2023,28,1,0.0,10,False,0.0,0.0,0.0,1.0
2023-07-10,05697,2023,28,1,0.0,5,False,0.0,0.0,0.0,1.0
2023-07-17,05001,2023,29,7,0.0,6,False,0.42857142857142855,0.0,0.14285714285714285,0.42857142857142855
2023-07-17,05055,2023,29,1,0.0,6,False,0.0,0.0,0.0,1.0
2023-07-17,05266,2023,29,1,0.0,3,False,0.0,0.0,0.0,1.0
2023-07-17,05847,2023,29,2,0.0,7,False,0.0,0.0,0.0,1.0
2023-07-24,05001,2023,30,6,0.0,7,False,0.3333333333333333,0.0,0.0,0.6666666666666666
2023-07-24,05360,2023,30,1,0.0,11,False,1.0,0.0,0.0,0.0
2023-07-24,05368,2023,30,1,0.0,3,False,0.0,0.0,0.0,1.0
2023-07-24,05480,2023,30,1,0.0,3,False,0.0,0.0,0.0,1.0
2023-07-31,05001,2023,31,4,0.0,10,False,0.25,0.0,0.25,0.5
2023-07-31,05250,2023,31,1,0.0,3,False,0.0,0.0,0.0,1.0
2023-07-31,05400,2023,31,1,0.0,5,False,0.0,0.0,0.0,1.0
2023-07-31,05756,2023,31,1,0.0,10,False,0.0,0.0,0.0,1.0
2023-07-31,05885,2023,31,1,0.0,8,False,0.0,0.0,0.0,1.0
2023-08-07,05001,2023,32,6,0.0,7,False,0.5,0.0,0.0,0.5
2023-08-07,05088,2023,32,1,0.0,6,False,1.0,0.0,0.0,0.0
2023-08-07,05736,2023,32,1,0.0,5,False,0.0,0.0,0.0,1.0
2023-08-14,05001,2023,33,3,0.0,6,False,1.0,0.0,0.0,0.0
2023-08-14,05031,2023,33,1,0.0,6,False,1.0,0.0,0.0,0.0
2023-08-14,05670,2023,33,1,0.0,7,False,0.0,0.0,0.0,1.0
2023-08-21,05001,2023,34,2,0.0,9,False,1.0,0.0,0.0,0.0
2023-08-21,05318,2023,34,1,0.0,9,False,0.0,0.0,0.0,1.0
2023-08-28,05001,2023,35,2,0.0,14,False,0.5,0.0,0.0,0.5
2023-08-28,05088,2023,35,1,0.0,4,False,1.0,0.0,0.0,0.0
2023-09-04,05001,2023,36,3,0.0,8,False,0.6666666666666666,0.0,0.0,0.3333333333333333
2023-09-11,05001,2023,37,2,0.0,6,False,0.0,0.0,0.0,1.0
2023-09-18,05001,2023,38,6,0.0,7,False,0.5,0.0,0.0,0.5
2023-09-18,05266,2023,38,1,0.0,5,False,1.0,0.0,0.0,0.0
2023-09-18,05858,2023,38,1,0.0,1,False,0.0,0.0,0.0,1.0
2023-09-25,05001,2023,39,4,0.0,5,False,1.0,0.0,0.0,0.0
2023-09-25,05031,2023,39,1,0.0,8,False,1.0,0.0,0.0,0.0
2023-10-02,05001,2023,40,2,0.0,4,False,0.0,0.0,0.0,1.0
2023-10-02,05148,2023,40,1,0.0,10,False,0.0,0.0,0.0,1.0
2023-10-09,05001,2023,41,2,0.0,10,False,1.0,0.0,0.0,0.0
2023-10-09,05040,2023,41,1,0.0,5,False,0.0,0.0,0.0,1.0
2023-10-09,05736,2023,41,1,0.0,8,False,0.0,0.0,0.0,1.0
2023-10-16,05001,2023,42,7,0.0,7,False,0.42857142857142855,0.0,0.0,0.5714285714285714
2023-10-16,05088,2023,42,1,0.0,4,False,1.0,0.0,0.0,0.0
2023-10-23,05001,2023,43,2,0.0,9,False,0.5,0.0,0.0,0.5
2023-10-23,05079,2023,43,1,0.0,3,False,0.0,0.0,0.0,1.0
2023-10-23,05234,2023,43,1,0.0,6,False,0.0,0.0,0.0,1.0
2023-10-23,05615,2023,43,1,0.0,4,False,1.0,0.0,0.0,0.0
2023-10-30,05001,2023,44,6,0.0,7,False,0.8333333333333334,0.0,0.0,0.16666666666666666
2023-10-30,05266,2023,44,1,0.0,3,False,1.0,0.0,0.0,0.0
2023-10-30,05380,2023,44,1,0.0,9,False,1.0,0.0,0.0,0.0
2023-10-30,05664,2023,44,1,0.0,7,False,0.0,0.0,0.0,1.0
2023-11-06,05001,2023,45,6,0.0,7,False,0.3333333333333333,0.0,0.16666666666666666,0.5
2023-11-06,05079,2023,45,1,0.0,11,False,0.0,0.0,0.0,1.0
2023-11-06,05360,2023,45,1,0.0,9,False,0.0,0.0,0.0,1.0
2023-11-13,05001,2023,46,2,0.0,9,False,0.5,0.0,0.0,0.5
2023-11-13,05306,2023,46,1,0.0,11,False,1.0,0.0,0.0,0.0
2023-11-13,05887,2023,46,1,0.0,6,False,0.0,0.0,0.0,1.0
2023-11-20,05001,2023,47,6,0.0,7,False,0.16666666666666666,0.0,0.16666666666666666,0.6666666666666666
2023-11-20,05284,2023,47,1,0.0,9,False,0.0,0.0,0.0,1.0
2023-11-20,05756,2023,47,1,0.0,4,False,0.0,0.0,0.0,1.0
2023-11-27,05001,2023,48,5,0.0,7,False,0.8,0.0,0.0,0.2
2023-11-27,05088,2023,48,2,0.0,9,False,1.0,0.0,0.0,0.0
2023-11-27,05234,2023,48,1,0.0,6,False,0.0,0.0,0.0,1.0
2023-12-04,05001,2023,49,5,0.0,7,False,0.8,0.0,0.0,0.2
2023-12-04,05088,2023,49,1,0.0,5,False,1.0,0.0,0.0,0.0
2023-12-04,05240,2023,49,1,0.0,11,False,0.0,0.0,0.0,1.0
2023-12-04,05266,2023,49,1,0.0,12,False,1.0,0.0,0.0,0.0
2023-12-04,05376,2023,49,1,0.0,10,False,1.0,0.0,0.0,0.0
2023-12-11,05001,2023,50,2,0.0,5,False,1.0,0.0,0.0,0.0
2023-12-11,05088,2023,50,1,0.0,7,False,1.0,0.0,0.0,0.0
2023-12-11,05134,2023,50,1,0.0,5,False,1.0,0.0,0.0,0.0
2023-12-11,05148,2023,50,1,0.0,10,False,1.0,0.0,0.0,0.0
2023-12-18,05001,2023,51,5,0.0,6,False,0.4,0.0,0.2,0.4
2023-12-25,05001,2023,52,5,0.0,7,False,0.8,0.0,0.0,0.2
2023-12-25,05051,2023,52,1,0.0,5,False,0.0,0.0,0.0,1.0
2023-12-25,05212,2023,52,1,0.0,8,False,1.0,0.0,0.0,0.0
2023-12-25,05736,2023,52,1,0.0,10,False,0.0,0.0,0.0,1.0
