codigo_dane,anio,poblacion_total
05001,2018,2427133.0
05002,2018,20368.0
05004,2018,2718.0
05021,2018,4642.0
05030,2018,30230.0
05031,2018,25935.0
05034,2018,43265.0
05036,2018,5758.0
05038,2018,11444.0
05040,2018,18317.0
05042,2018,26167.0
05044,2018,7013.0
05045,2018,121014.0
05051,2018,29307.0
05055,2018,7687.0
05059,2018,5142.0
05079,2018,51974.0
05086,2018,5996.0
05088,2018,522259.0
05091,2018,10311.0
05093,2018,15597.0
05101,2018,26118.0
05107,2018,8029.0
05113,2018,9346.0
05120,2018,29014.0
05125,2018,8297.0
05129,2018,79632.0
05134,2018,9211.0
05138,2018,15531.0
05142,2018,4581.0
05145,2018,4758.0
05147,2018,47923.0
05148,2018,59410.0
05150,2018,3957.0
05154,2018,90211.0
05172,2018,57380.0
05190,2018,9778.0
05197,2018,15438.0
05206,2018,4795.0
05209,2018,21367.0
05212,2018,77875.0
05234,2018,23048.0
05237,2018,18914.0
05240,2018,12153.0
05250,2018,51868.0
05264,2018,11154.0
05266,2018,228836.0
05282,2018,24415.0
05284,2018,20742.0
05306,2018,5545.0
05308,2018,51660.0
05310,2018,9761.0
05313,2018,10124.0
05315,2018,6555.0
05318,2018,55110.0
05321,2018,8367.0
05347,2018,5460.0
05353,2018,5471.0
05360,2018,276746.0
05361,2018,27065.0
05364,2018,14520.0
05368,2018,13647.0
05376,2018,64878.0
05380,2018,71567.0
05390,2018,8127.0
05400,2018,21479.0
05411,2018,10023.0
05425,2018,8217.0
05440,2018,64640.0
05467,2018,6662.0
05475,2018,4902.0
05480,2018,13991.0
05483,2018,10154.0
05490,2018,42279.0
05495,2018,25786.0
05501,2018,3118.0
05541,2018,21046.0
05543,2018,8108.0
05576,2018,8660.0
05579,2018,39317.0
05585,2018,14382.0
05591,2018,18052.0
05604,2018,28423.0
05607,2018,23516.0
05615,2018,135473.0
05628,2018,9034.0
05631,2018,82376.0
05642,2018,18267.0
05647,2018,7215.0
05649,2018,16256.0
05652,2018,5648.0
05656,2018,15358.0
05658,2018,3648.0
05659,2018,20085.0
05660,2018,12990.0
05664,2018,21949.0
05665,2018,30934.0
05667,2018,15713.0
05670,2018,21517.0
05674,2018,22084.0
05679,2018,26782.0
05686,2018,36312.0
05690,2018,12393.0
05697,2018,35429.0
05736,2018,37900.0
05756,2018,36327.0
05761,2018,15057.0
05789,2018,16276.0
05790,2018,26960.0
05792,2018,6187.0
05809,2018,10782.0
05819,2018,4993.0
05837,2018,124559.0
05842,2018,6880.0
05847,2018,30136.0
05854,2018,13798.0
05856,2018,6512.0
05858,2018,11817.0
05861,2018,11606.0
05873,2018,9089.0
05885,2018,7606.0
05887,2018,41553.0
05890,2018,22530.0
05893,2018,19043.0
05895,2018,24659.0
05001,2019,2455336.0
05002,2019,20612.0
05004,2019,2745.0
05021,2019,4759.0
05030,2019,30729.0
05031,2019,26501.0
05034,2019,43759.0
05036,2019,5846.0
05038,2019,11687.0
05040,2019,18801.0
05042,2019,26520.0
05044,2019,7162.0
05045,2019,121255.0
05051,2019,29738.0
05055,2019,7798.0
05059,2019,5208.0
05079,2019,55001.0
05086,2019,6072.0
05088,2019,537451.0
05091,2019,10446.0
05093,2019,15929.0
05101,2019,26377.0
05107,2019,8075.0
05113,2019,9682.0
05120,2019,29152.0
05125,2019,8509.0
05129,2019,82011.0
05134,2019,9395.0
05138,2019,15611.0
05142,2019,4569.0
05145,2019,4735.0
05147,2019,48374.0
05148,2019,61076.0
05150,2019,3956.0
05154,2019,91003.0
05172,2019,57144.0
05190,2019,9791.0
05197,2019,15606.0
05206,2019,4874.0
05209,2019,21664.0
05212,2019,80676.0
05234,2019,23418.0
05237,2019,19033.0
05240,2019,12363.0
05250,2019,52651.0
05264,2019,11425.0
05266,2019,235397.0
05282,2019,24869.0
05284,2019,21018.0
05306,2019,5716.0
05308,2019,54202.0
05310,2019,9878.0
05313,2019,10204.0
05315,2019,6662.0
05318,2019,56977.0
05321,2019,8568.0
05347,2019,5415.0
05353,2019,5551.0
05360,2019,283136.0
05361,2019,27640.0
05364,2019,14696.0
05368,2019,13782.0
05376,2019,65950.0
05380,2019,73966.0
05390,2019,8164.0
05400,2019,21871.0
05411,2019,10243.0
05425,2019,8369.0
05440,2019,66120.0
05467,2019,6719.0
05475,2019,5080.0
05480,2019,14048.0
05483,2019,10335.0
05490,2019,42626.0
05495,2019,26385.0
05501,2019,3200.0
05541,2019,21536.0
05543,2019,8257.0
05576,2019,8754.0
05579,2019,39202.0
05585,2019,14651.0
05591,2019,18551.0
05604,2019,29213.0
05607,2019,24136.0
05615,2019,138479.0
05628,2019,9207.0
05631,2019,86724.0
05642,2019,18477.0
05647,2019,7307.0
05649,2019,16423.0
05652,2019,5736.0
05656,2019,15840.0
05658,2019,3698.0
05659,2019,20138.0
05660,2019,13220.0
05664,2019,22073.0
05665,2019,31274.0
05667,2019,15999.0
05670,2019,22122.0
05674,2019,22659.0
05679,2019,27302.0
05686,2019,36987.0
05690,2019,12661.0
05697,2019,36100.0
05736,2019,38046.0
05756,2019,36423.0
05761,2019,15332.0
05789,2019,16426.0
05790,2019,27375.0
05792,2019,6240.0
05809,2019,10941.0
05819,2019,5011.0
05837,2019,126132.0
05842,2019,7023.0
05847,2019,30463.0
05854,2019,14068.0
05856,2019,6553.0
05858,2019,11864.0
05861,2019,11781.0
05873,2019,9488.0
05885,2019,7653.0
05887,2019,41595.0
05890,2019,23072.0
05893,2019,19531.0
05895,2019,25015.0
05001,2020,2489955.0
05002,2020,20878.0
05004,2020,2783.0
05021,2020,4872.0
05030,2020,31279.0
05031,2020,27066.0
05034,2020,44325.0
05036,2020,5944.0
05038,2020,11950.0
05040,2020,19295.0
05042,2020,26905.0
05044,2020,7340.0
05045,2020,121664.0
05051,2020,30210.0
05055,2020,7916.0
05059,2020,5268.0
05079,2020,58353.0
05086,2020,6171.0
05088,2020,553577.0
05091,2020,10604.0
05093,2020,16251.0
05101,2020,26640.0
05107,2020,8149.0
05113,2020,10012.0
05120,2020,29307.0
05125,2020,8705.0
05129,2020,84640.0
05134,2020,9588.0
05138,2020,15760.0
05142,2020,4583.0
05145,2020,4708.0
05147,2020,48862.0
05148,2020,62774.0
05150,2020,3974.0
05154,2020,91873.0
05172,2020,56976.0
05190,2020,9805.0
05197,2020,15823.0
05206,2020,4951.0
05209,2020,21947.0
05212,2020,83697.0
05234,2020,23829.0
05237,2020,19233.0
05240,2020,12545.0
05250,2020,53491.0
05264,2020,11728.0
05266,2020,242371.0
05282,2020,25367.0
05284,2020,21283.0
05306,2020,5875.0
05308,2020,56990.0
05310,2020,10010.0
05313,2020,10299.0
05315,2020,6786.0
05318,2020,58930.0
05321,2020,8786.0
05347,2020,5393.0
05353,2020,5634.0
05360,2020,290182.0
05361,2020,28276.0
05364,2020,14904.0
05368,2020,13940.0
05376,2020,67103.0
05380,2020,76614.0
05390,2020,8212.0
05400,2020,22306.0
05411,2020,10470.0
05425,2020,8522.0
05440,2020,67645.0
05467,2020,6764.0
05475,2020,5268.0
05480,2020,14093.0
05483,2020,10543.0
05490,2020,43061.0
05495,2020,27004.0
05501,2020,3290.0
05541,2020,22036.0
05543,2020,8421.0
05576,2020,8861.0
05579,2020,39144.0
05585,2020,14934.0
05591,2020,19074.0
05604,2020,30056.0
05607,2020,24807.0
05615,2020,141638.0
05628,2020,9422.0
05631,2020,91288.0
05642,2020,18723.0
05647,2020,7374.0
05649,2020,16629.0
05652,2020,5817.0
05656,2020,16344.0
05658,2020,3771.0
05659,2020,20239.0
05660,2020,13475.0
05664,2020,22221.0
05665,2020,31625.0
05667,2020,16305.0
05670,2020,22742.0
05674,2020,23262.0
05679,2020,27834.0
05686,2020,37680.0
05690,2020,12949.0
05697,2020,36839.0
05736,2020,38217.0
05756,2020,36598.0
05761,2020,15636.0
05789,2020,16585.0
05790,2020,27804.0
05792,2020,6316.0
05809,2020,11090.0
05819,2020,5026.0
05837,2020,127888.0
05842,2020,7138.0
05847,2020,30834.0
05854,2020,14361.0
05856,2020,6597.0
05858,2020,11921.0
05861,2020,11957.0
05873,2020,9915.0
05885,2020,7736.0
05887,2020,41708.0
05890,2020,23637.0
05893,2020,20037.0
05895,2020,25434.0
05001,2021,2507620.0
05002,2021,20962.0
05004,2021,2797.0
05021,2021,4962.0
05030,2021,31668.0
05031,2021,27516.0
05034,2021,44621.0
05036,2021,5999.0
05038,2021,12064.0
05040,2021,19662.0
05042,2021,27275.0
05044,2021,7421.0
05045,2021,122772.0
05051,2021,30559.0
05055,2021,7972.0
05059,2021,5286.0
05079,2021,59570.0
05086,2021,6175.0
05088,2021,565630.0
05091,2021,10661.0
05093,2021,16416.0
05101,2021,26886.0
05107,2021,8139.0
05113,2021,10234.0
05120,2021,29325.0
05125,2021,8785.0
05129,2021,85841.0
05134,2021,9670.0
05138,2021,15717.0
05142,2021,4591.0
05145,2021,4684.0
05147,2021,49435.0
05148,2021,64353.0
05150,2021,3980.0
05154,2021,92469.0
05172,2021,57121.0
05190,2021,9892.0
05197,2021,15902.0
05206,2021,4998.0
05209,2021,22039.0
05212,2021,85434.0
05234,2021,24060.0
05237,2021,19395.0
05240,2021,12564.0
05250,2021,54125.0
05264,2021,11968.0
05266,2021,247649.0
05282,2021,25609.0
05284,2021,21426.0
05306,2021,5993.0
05308,2021,58069.0
05310,2021,10089.0
05313,2021,10356.0
05315,2021,6835.0
05318,2021,60291.0
05321,2021,8991.0
05347,2021,5338.0
05353,2021,5699.0
05360,2021,294137.0
05361,2021,28547.0
05364,2021,15038.0
05368,2021,14065.0
05376,2021,68622.0
05380,2021,78211.0
05390,2021,8337.0
05400,2021,22702.0
05411,2021,10568.0
05425,2021,8611.0
05440,2021,69257.0
05467,2021,6719.0
05475,2021,5397.0
05480,2021,14054.0
05483,2021,10648.0
05490,2021,42976.0
05495,2021,27525.0
05501,2021,3333.0
05541,2021,22454.0
05543,2021,8510.0
05576,2021,8909.0
05579,2021,39297.0
05585,2021,15076.0
05591,2021,19310.0
05604,2021,30674.0
05607,2021,25360.0
05615,2021,144612.0
05628,2021,9507.0
05631,2021,94754.0
05642,2021,18784.0
05647,2021,7392.0
05649,2021,16720.0
05652,2021,5874.0
05656,2021,16777.0
05658,2021,3818.0
05659,2021,20197.0
05660,2021,13691.0
05664,2021,22298.0
05665,2021,31876.0
05667,2021,16585.0
05670,2021,23116.0
05674,2021,23578.0
05679,2021,28206.0
05686,2021,38277.0
05690,2021,13084.0
05697,2021,37602.0
05736,2021,38568.0
05756,2021,36558.0
05761,2021,15845.0
05789,2021,16624.0
05790,2021,28134.0
05792,2021,6388.0
05809,2021,11217.0
05819,2021,4993.0
05837,2021,128586.0
05842,2021,7215.0
05847,2021,31123.0
05854,2021,14497.0
05856,2021,6632.0
05858,2021,12019.0
05861,2021,12071.0
05873,2021,10239.0
05885,2021,7744.0
05887,2021,41888.0
05890,2021,23951.0
05893,2021,20471.0
05895,2021,25732.0
05001,2022,2514709.0
05002,2022,21000.0
05004,2022,2792.0
05021,2022,5042.0
05030,2022,31974.0
05031,2022,27923.0
05034,2022,44816.0
05036,2022,6035.0
05038,2022,12153.0
05040,2022,20007.0
05042,2022,27582.0
05044,2022,7473.0
05045,2022,123578.0
05051,2022,30853.0
05055,2022,8030.0
05059,2022,5295.0
05079,2022,60571.0
05086,2022,6163.0
05088,2022,575253.0
05091,2022,10683.0
05093,2022,16529.0
05101,2022,27076.0
05107,2022,8078.0
05113,2022,10427.0
05120,2022,29297.0
05125,2022,8867.0
05129,2022,86699.0
05134,2022,9743.0
05138,2022,15648.0
05142,2022,4568.0
05145,2022,4641.0
05147,2022,49891.0
05148,2022,65742.0
05150,2022,3972.0
05154,2022,92890.0
05172,2022,57122.0
05190,2022,9984.0
05197,2022,15940.0
05206,2022,5034.0
05209,2022,22055.0
05212,2022,86835.0
05234,2022,24231.0
05237,2022,19509.0
05240,2022,12581.0
05250,2022,54698.0
05264,2022,12150.0
05266,2022,251963.0
05282,2022,25788.0
05284,2022,21535.0
05306,2022,6100.0
05308,2022,58919.0
05310,2022,10181.0
05313,2022,10397.0
05315,2022,6869.0
05318,2022,61496.0
05321,2022,9203.0
05347,2022,5253.0
05353,2022,5765.0
05360,2022,296908.0
05361,2022,28755.0
05364,2022,15138.0
05368,2022,14165.0
05376,2022,69976.0
05380,2022,79499.0
05390,2022,8438.0
05400,2022,23067.0
05411,2022,10616.0
05425,2022,8673.0
05440,2022,70655.0
05467,2022,6665.0
05475,2022,5508.0
05480,2022,13960.0
05483,2022,10711.0
05490,2022,42809.0
05495,2022,28007.0
05501,2022,3351.0
05541,2022,22821.0
05543,2022,8555.0
05576,2022,8956.0
05579,2022,39342.0
05585,2022,15209.0
05591,2022,19498.0
05604,2022,31245.0
05607,2022,25853.0
05615,2022,147196.0
05628,2022,9621.0
05631,2022,97831.0
05642,2022,18831.0
05647,2022,7393.0
05649,2022,16776.0
05652,2022,5910.0
05656,2022,17154.0
05658,2022,3888.0
05659,2022,20155.0
05660,2022,13882.0
05664,2022,22298.0
05665,2022,32053.0
05667,2022,16791.0
05670,2022,23460.0
05674,2022,23860.0
05679,2022,28534.0
05686,2022,38798.0
05690,2022,13164.0
05697,2022,38269.0
05736,2022,38842.0
05756,2022,36411.0
05761,2022,16013.0
05789,2022,16650.0
05790,2022,28448.0
05792,2022,6423.0
05809,2022,11286.0
05819,2022,4955.0
05837,2022,128982.0
05842,2022,7283.0
05847,2022,31345.0
05854,2022,14611.0
05856,2022,6656.0
05858,2022,12077.0
05861,2022,12154.0
05873,2022,10528.0
05885,2022,7734.0
05887,2022,41931.0
05890,2022,24197.0
05893,2022,20861.0
05895,2022,26010.0
05001,2023,2518480.0
05002,2023,21030.0
05004,2023,2782.0
05021,2023,5130.0
05030,2023,32238.0
05031,2023,28334.0
05034,2023,44976.0
05036,2023,6096.0
05038,2023,12256.0
05040,2023,20320.0
05042,2023,27882.0
05044,2023,7543.0
05045,2023,124339.0
05051,2023,31150.0
05055,2023,8099.0
05059,2023,5286.0
05079,2023,61506.0
05086,2023,6149.0
05088,2023,584062.0
05091,2023,10686.0
05093,2023,16667.0
05101,2023,27252.0
05107,2023,8041.0
05113,2023,10605.0
05120,2023,29240.0
05125,2023,8920.0
05129,2023,87460.0
05134,2023,9811.0
05138,2023,15570.0
05142,2023,4541.0
05145,2023,4590.0
05147,2023,50303.0
05148,2023,67061.0
05150,2023,3976.0
05154,2023,93262.0
05172,2023,57067.0
05190,2023,10033.0
05197,2023,15981.0
05206,2023,5052.0
05209,2023,22061.0
05212,2023,88121.0
05234,2023,24409.0
05237,2023,19621.0
05240,2023,12553.0
05250,2023,55234.0
05264,2023,12348.0
05266,2023,256042.0
05282,2023,25957.0
05284,2023,21588.0
05306,2023,6189.0
05308,2023,59708.0
05310,2023,10215.0
05313,2023,10442.0
05315,2023,6914.0
05318,2023,62651.0
05321,2023,9368.0
05347,2023,5175.0
05353,2023,5818.0
05360,2023,299320.0
05361,2023,28961.0
05364,2023,15227.0
05368,2023,14215.0
05376,2023,71255.0
05380,2023,80676.0
05390,2023,8520.0
05400,2023,23399.0
05411,2023,10675.0
05425,2023,8725.0
05440,2023,71999.0
05467,2023,6608.0
05475,2023,5636.0
05480,2023,13895.0
05483,2023,10787.0
05490,2023,42628.0
05495,2023,28513.0
05501,2023,3367.0
05541,2023,23147.0
05543,2023,8617.0
05576,2023,8983.0
05579,2023,39383.0
05585,2023,15293.0
05591,2023,19661.0
05604,2023,31804.0
05607,2023,26306.0
05615,2023,149627.0
05628,2023,9692.0
05631,2023,100767.0
05642,2023,18844.0
05647,2023,7389.0
05649,2023,16827.0
05652,2023,5960.0
05656,2023,17549.0
05658,2023,3924.0
05659,2023,20094.0
05660,2023,14066.0
05664,2023,22311.0
05665,2023,32182.0
05667,2023,16982.0
05670,2023,23768.0
05674,2023,24116.0
05679,2023,28829.0
05686,2023,39288.0
05690,2023,13254.0
05697,2023,38877.0
05736,2023,39062.0
05756,2023,36248.0
05761,2023,16164.0
05789,2023,16637.0
05790,2023,28729.0
05792,2023,6470.0
05809,2023,11348.0
05819,2023,4905.0
05837,2023,129280.0
05842,2023,7345.0
05847,2023,31559.0
05854,2023,14720.0
05856,2023,6667.0
05858,2023,12114.0
05861,2023,12222.0
05873,2023,10815.0
05885,2023,7729.0
05887,2023,41983.0
05890,2023,24454.0
05893,2023,21255.0
05895,2023,26283.0
05001,2024,2524747.0
05002,2024,21121.0
05004,2024,2810.0
05021,2024,5196.0
05030,2024,32595.0
05031,2024,28716.0
05034,2024,45212.0
05036,2024,6149.0
05038,2024,12413.0
05040,2024,20688.0
05042,2024,28130.0
05044,2024,7628.0
05045,2024,124423.0
05051,2024,31449.0
05055,2024,8170.0
05059,2024,5308.0
05079,2024,62506.0
05086,2024,6193.0
05088,2024,593344.0
05091,2024,10758.0
05093,2024,16861.0
05101,2024,27391.0
05107,2024,8023.0
05113,2024,10848.0
05120,2024,29159.0
05125,2024,9036.0
05129,2024,88316.0
05134,2024,9940.0
05138,2024,15570.0
05142,2024,4538.0
05145,2024,4556.0
05147,2024,50543.0
05148,2024,68325.0
05150,2024,3947.0
05154,2024,93572.0
05172,2024,56758.0
05190,2024,10040.0
05197,2024,16062.0
05206,2024,5108.0
05209,2024,22182.0
05212,2024,89546.0
05234,2024,24651.0
05237,2024,19689.0
05240,2024,12627.0
05250,2024,55742.0
05264,2024,12568.0
05266,2024,260430.0
05282,2024,26245.0
05284,2024,21716.0
05306,2024,6331.0
05308,2024,60604.0
05310,2024,10301.0
05313,2024,10463.0
05315,2024,6975.0
05318,2024,64068.0
05321,2024,9518.0
05347,2024,5126.0
05353,2024,5862.0
05360,2024,302075.0
05361,2024,29342.0
05364,2024,15350.0
05368,2024,14317.0
05376,2024,72033.0
05380,2024,81925.0
05390,2024,8554.0
05400,2024,23718.0
05411,2024,10817.0
05425,2024,8808.0
05440,2024,73095.0
05467,2024,6595.0
05475,2024,5769.0
05480,2024,13872.0
05483,2024,10906.0
05490,2024,42718.0
05495,2024,28955.0
05501,2024,3431.0
05541,2024,23491.0
05543,2024,8733.0
05576,2024,9040.0
05579,2024,39164.0
05585,2024,15465.0
05591,2024,20006.0
05604,2024,32457.0
05607,2024,26766.0
05615,2024,151872.0
05628,2024,9827.0
05631,2024,103765.0
05642,2024,18915.0
05647,2024,7406.0
05649,2024,16912.0
05652,2024,6013.0
05656,2024,17982.0
05658,2024,3963.0
05659,2024,20025.0
05660,2024,14242.0
05664,2024,22297.0
05665,2024,32352.0
05667,2024,17222.0
05670,2024,24238.0
05674,2024,24534.0
05679,2024,29171.0
05686,2024,39788.0
05690,2024,13434.0
05697,2024,39396.0
05736,2024,39116.0
05756,2024,36144.0
05761,2024,16366.0
05789,2024,16676.0
05790,2024,29027.0
05792,2024,6530.0
05809,2024,11449.0
05819,2024,4867.0
05837,2024,130019.0
05842,2024,7406.0
05847,2024,31776.0
05854,2024,14927.0
05856,2024,6683.0
05858,2024,12126.0
05861,2024,12343.0
05873,2024,11150.0
05885,2024,7746.0
05887,2024,41862.0
05890,2024,24828.0
05893,2024,21677.0
05895,2024,26532.0
05001,2025,2528343.0
05002,2025,21147.0
05004,2025,2807.0
05021,2025,5285.0
05030,2025,32858.0
05031,2025,29054.0
05034,2025,45367.0
05036,2025,6203.0
05038,2025,12511.0
05040,2025,21035.0
05042,2025,28421.0
05044,2025,7681.0
05045,2025,125203.0
05051,2025,31707.0
05055,2025,8215.0
05059,2025,5310.0
05079,2025,63455.0
05086,2025,6151.0
05088,2025,601916.0
05091,2025,10751.0
05093,2025,16980.0
05101,2025,27573.0
05107,2025,7957.0
05113,2025,11015.0
05120,2025,29067.0
05125,2025,9107.0
05129,2025,89072.0
05134,2025,10005.0
05138,2025,15470.0
05142,2025,4510.0
05145,2025,4499.0
05147,2025,50952.0
05148,2025,69588.0
05150,2025,3942.0
05154,2025,93843.0
05172,2025,56738.0
05190,2025,10092.0
05197,2025,16089.0
05206,2025,5112.0
05209,2025,22163.0
05212,2025,90882.0
05234,2025,24808.0
05237,2025,19793.0
05240,2025,12612.0
05250,2025,56197.0
05264,2025,12736.0
05266,2025,264637.0
05282,2025,26401.0
05284,2025,21778.0
05306,2025,6404.0
05308,2025,61439.0
05310,2025,10373.0
05313,2025,10511.0
05315,2025,7009.0
05318,2025,65173.0
05321,2025,9695.0
05347,2025,5038.0
05353,2025,5929.0
05360,2025,304527.0
05361,2025,29515.0
05364,2025,15433.0
05368,2025,14376.0
05376,2025,73275.0
05380,2025,83089.0
05390,2025,8654.0
05400,2025,24057.0
05411,2025,10854.0
05425,2025,8873.0
05440,2025,74390.0
05467,2025,6538.0
05475,2025,5896.0
05480,2025,13821.0
05483,2025,11000.0
05490,2025,42569.0
05495,2025,29415.0
05501,2025,3469.0
05541,2025,23827.0
05543,2025,8782.0
05576,2025,9053.0
05579,2025,39192.0
05585,2025,15584.0
05591,2025,20173.0
05604,2025,33021.0
05607,2025,27218.0
05615,2025,154192.0
05628,2025,9909.0
05631,2025,106652.0
05642,2025,18925.0
05647,2025,7402.0
05649,2025,16938.0
05652,2025,6058.0
05656,2025,18345.0
05658,2025,4017.0
05659,2025,19946.0
05660,2025,14447.0
05664,2025,22287.0
05665,2025,32471.0
05667,2025,17411.0
05670,2025,24555.0
05674,2025,24776.0
05679,2025,29470.0
05686,2025,40261.0
05690,2025,13488.0
05697,2025,39984.0
05736,2025,39343.0
05756,2025,35980.0
05761,2025,16523.0
05789,2025,16674.0
05790,2025,29298.0
05792,2025,6556.0
05809,2025,11537.0
05819,2025,4824.0
05837,2025,130233.0
05842,2025,7455.0
05847,2025,31988.0
05854,2025,15014.0
05856,2025,6714.0
05858,2025,12160.0
05861,2025,12412.0
05873,2025,11430.0
05885,2025,7719.0
05887,2025,41884.0
05890,2025,25038.0
05893,2025,22061.0
05895,2025,26785.0
05001,2026,2526795.0
05002,2026,21126.0
05004,2026,2804.0
05021,2026,5347.0
05030,2026,33092.0
05031,2026,29394.0
05034,2026,45436.0
05036,2026,6214.0
05038,2026,12558.0
05040,2026,21307.0
05042,2026,28673.0
05044,2026,7737.0
05045,2026,125881.0
05051,2026,31950.0
05055,2026,8242.0
05059,2026,5292.0
05079,2026,64314.0
05086,2026,6148.0
05088,2026,609168.0
05091,2026,10743.0
05093,2026,17068.0
05101,2026,27720.0
05107,2026,7905.0
05113,2026,11168.0
05120,2026,28944.0
05125,2026,9134.0
05129,2026,89671.0
05134,2026,10063.0
05138,2026,15337.0
05142,2026,4482.0
05145,2026,4444.0
05147,2026,51298.0
05148,2026,70734.0
05150,2026,3932.0
05154,2026,93976.0
05172,2026,56664.0
05190,2026,10136.0
05197,2026,16099.0
05206,2026,5136.0
05209,2026,22145.0
05212,2026,92069.0
05234,2026,24937.0
05237,2026,19849.0
05240,2026,12571.0
05250,2026,56596.0
05264,2026,12894.0
05266,2026,268381.0
05282,2026,26522.0
05284,2026,21808.0
05306,2026,6491.0
05308,2026,62138.0
05310,2026,10420.0
05313,2026,10502.0
05315,2026,7031.0
05318,2026,66158.0
05321,2026,9842.0
05347,2026,4961.0
05353,2026,5966.0
05360,2026,306397.0
05361,2026,29650.0
05364,2026,15531.0
05368,2026,14414.0
05376,2026,74386.0
05380,2026,84068.0
05390,2026,8722.0
05400,2026,24374.0
05411,2026,10896.0
05425,2026,8902.0
05440,2026,75558.0
05467,2026,6477.0
05475,2026,6023.0
05480,2026,13717.0
05483,2026,11059.0
05490,2026,42372.0
05495,2026,29853.0
05501,2026,3496.0
05541,2026,24121.0
05543,2026,8835.0
05576,2026,9073.0
05579,2026,39161.0
05585,2026,15675.0
05591,2026,20322.0
05604,2026,33548.0
05607,2026,27622.0
05615,2026,156303.0
05628,2026,9963.0
05631,2026,109260.0
05642,2026,18910.0
05647,2026,7380.0
05649,2026,16961.0
05652,2026,6089.0
05656,2026,18757.0
05658,2026,4070.0
05659,2026,19844.0
05660,2026,14593.0
05664,2026,22252.0
05665,2026,32528.0
05667,2026,17572.0
05670,2026,24855.0
05674,2026,24984.0
05679,2026,29737.0
05686,2026,40697.0
05690,2026,13568.0
05697,2026,40538.0
05736,2026,39549.0
05756,2026,35750.0
05761,2026,16647.0
05789,2026,16646.0
05790,2026,29542.0
05792,2026,6597.0
05809,2026,11582.0
05819,2026,4767.0
05837,2026,130286.0
05842,2026,7527.0
05847,2026,32148.0
05854,2026,15105.0
05856,2026,6717.0
05858,2026,12183.0
05861,2026,12494.0
05873,2026,11686.0
05885,2026,7724.0
05887,2026,41853.0
05890,2026,25236.0
05893,2026,22429.0
05895,2026,26996.0
05001,2027,2524037.0
05002,2027,21111.0
05004,2027,2803.0
05021,2027,5426.0
05030,2027,33286.0
05031,2027,29697.0
05034,2027,45497.0
05036,2027,6254.0
05038,2027,12632.0
05040,2027,21600.0
05042,2027,28926.0
05044,2027,7775.0
05045,2027,126544.0
05051,2027,32169.0
05055,2027,8293.0
05059,2027,5281.0
05079,2027,65140.0
05086,2027,6127.0
05088,2027,616000.0
05091,2027,10731.0
05093,2027,17159.0
05101,2027,27860.0
05107,2027,7830.0
05113,2027,11308.0
05120,2027,28782.0
05125,2027,9165.0
05129,2027,90237.0
05134,2027,10111.0
05138,2027,15226.0
05142,2027,4449.0
05145,2027,4373.0
05147,2027,51656.0
05148,2027,71835.0
05150,2027,3947.0
05154,2027,94074.0
05172,2027,56594.0
05190,2027,10193.0
05197,2027,16087.0
05206,2027,5154.0
05209,2027,22084.0
05212,2027,93226.0
05234,2027,25072.0
05237,2027,19915.0
05240,2027,12524.0
05250,2027,56985.0
05264,2027,13058.0
05266,2027,272032.0
05282,2027,26624.0
05284,2027,21831.0
05306,2027,6568.0
05308,2027,62828.0
05310,2027,10482.0
05313,2027,10528.0
05315,2027,7032.0
05318,2027,67061.0
05321,2027,10005.0
05347,2027,4872.0
05353,2027,6012.0
05360,2027,308131.0
05361,2027,29756.0
05364,2027,15609.0
05368,2027,14467.0
05376,2027,75466.0
05380,2027,84995.0
05390,2027,8805.0
05400,2027,24678.0
05411,2027,10910.0
05425,2027,8927.0
05440,2027,76679.0
05467,2027,6394.0
05475,2027,6136.0
05480,2027,13640.0
05483,2027,11124.0
05490,2027,42124.0
05495,2027,30257.0
05501,2027,3492.0
05541,2027,24387.0
05543,2027,8903.0
05576,2027,9087.0
05579,2027,39150.0
05585,2027,15726.0
05591,2027,20442.0
05604,2027,34072.0
05607,2027,28011.0
05615,2027,158292.0
05628,2027,10001.0
05631,2027,111801.0
05642,2027,18869.0
05647,2027,7348.0
05649,2027,16966.0
05652,2027,6111.0
05656,2027,19118.0
05658,2027,4114.0
05659,2027,19726.0
05660,2027,14753.0
05664,2027,22210.0
05665,2027,32584.0
05667,2027,17763.0
05670,2027,25142.0
05674,2027,25190.0
05679,2027,29937.0
05686,2027,41115.0
05690,2027,13605.0
05697,2027,41037.0
05736,2027,39699.0
05756,2027,35504.0
05761,2027,16755.0
05789,2027,16606.0
05790,2027,29772.0
05792,2027,6644.0
05809,2027,11660.0
05819,2027,4724.0
05837,2027,130264.0
05842,2027,7544.0
05847,2027,32325.0
05854,2027,15174.0
05856,2027,6730.0
05858,2027,12206.0
05861,2027,12549.0
05873,2027,11920.0
05885,2027,7696.0
05887,2027,41834.0
05890,2027,25433.0
05893,2027,22789.0
05895,2027,27205.0
05001,2028,2520340.0
05002,2028,21055.0
05004,2028,2797.0
05021,2028,5512.0
05030,2028,33510.0
05031,2028,29984.0
05034,2028,45526.0
05036,2028,6293.0
05038,2028,12655.0
05040,2028,21878.0
05042,2028,29159.0
05044,2028,7800.0
05045,2028,127169.0
05051,2028,32373.0
05055,2028,8333.0
05059,2028,5260.0
05079,2028,65941.0
05086,2028,6077.0
05088,2028,622498.0
05091,2028,10712.0
05093,2028,17212.0
05101,2028,27996.0
05107,2028,7754.0
05113,2028,11424.0
05120,2028,28631.0
05125,2028,9212.0
05129,2028,90759.0
05134,2028,10152.0
05138,2028,15093.0
05142,2028,4427.0
05145,2028,4322.0
05147,2028,51969.0
05148,2028,72908.0
05150,2028,3942.0
05154,2028,94095.0
05172,2028,56492.0
05190,2028,10238.0
05197,2028,16075.0
05206,2028,5156.0
05209,2028,22038.0
05212,2028,94352.0
05234,2028,25166.0
05237,2028,19983.0
05240,2028,12458.0
05250,2028,57341.0
05264,2028,13203.0
05266,2028,275656.0
05282,2028,26693.0
05284,2028,21837.0
05306,2028,6653.0
05308,2028,63505.0
05310,2028,10526.0
05313,2028,10536.0
05315,2028,7042.0
05318,2028,67913.0
05321,2028,10137.0
05347,2028,4785.0
05353,2028,6057.0
05360,2028,309763.0
05361,2028,29862.0
05364,2028,15661.0
05368,2028,14509.0
05376,2028,76525.0
05380,2028,85886.0
05390,2028,8886.0
05400,2028,24994.0
05411,2028,10954.0
05425,2028,8966.0
05440,2028,77751.0
05467,2028,6318.0
05475,2028,6257.0
05480,2028,13582.0
05483,2028,11169.0
05490,2028,41896.0
05495,2028,30651.0
05501,2028,3484.0
05541,2028,24666.0
05543,2028,8928.0
05576,2028,9109.0
05579,2028,39120.0
05585,2028,15802.0
05591,2028,20555.0
05604,2028,34572.0
05607,2028,28363.0
05615,2028,160209.0
05628,2028,10057.0
05631,2028,114226.0
05642,2028,18845.0
05647,2028,7317.0
05649,2028,16955.0
05652,2028,6138.0
05656,2028,19484.0
05658,2028,4157.0
05659,2028,19616.0
05660,2028,14921.0
05664,2028,22162.0
05665,2028,32619.0
05667,2028,17910.0
05670,2028,25416.0
05674,2028,25362.0
05679,2028,30179.0
05686,2028,41550.0
05690,2028,13644.0
05697,2028,41555.0
05736,2028,39882.0
05756,2028,35251.0
05761,2028,16876.0
05789,2028,16564.0
05790,2028,30008.0
05792,2028,6653.0
05809,2028,11692.0
05819,2028,4648.0
05837,2028,130161.0
05842,2028,7581.0
05847,2028,32457.0
05854,2028,15221.0
05856,2028,6721.0
05858,2028,12233.0
05861,2028,12596.0
05873,2028,12177.0
05885,2028,7668.0
05887,2028,41775.0
05890,2028,25598.0
05893,2028,23157.0
05895,2028,27400.0
05001,2029,2515817.0
05002,2029,20990.0
05004,2029,2785.0
05021,2029,5569.0
05030,2029,33686.0
05031,2029,30255.0
05034,2029,45545.0
05036,2029,6322.0
05038,2029,12723.0
05040,2029,22148.0
05042,2029,29406.0
05044,2029,7842.0
05045,2029,127849.0
05051,2029,32557.0
05055,2029,8365.0
05059,2029,5242.0
05079,2029,66737.0
05086,2029,6049.0
05088,2029,628660.0
05091,2029,10696.0
05093,2029,17258.0
05101,2029,28104.0
05107,2029,7677.0
05113,2029,11545.0
05120,2029,28447.0
05125,2029,9215.0
05129,2029,91264.0
05134,2029,10180.0
05138,2029,14959.0
05142,2029,4379.0
05145,2029,4267.0
05147,2029,52310.0
05148,2029,73891.0
05150,2029,3922.0
05154,2029,94127.0
05172,2029,56458.0
05190,2029,10310.0
05197,2029,16065.0
05206,2029,5173.0
05209,2029,21959.0
05212,2029,95479.0
05234,2029,25269.0
05237,2029,20046.0
05240,2029,12381.0
05250,2029,57659.0
05264,2029,13332.0
05266,2029,279242.0
05282,2029,26779.0
05284,2029,21818.0
05306,2029,6706.0
05308,2029,64139.0
05310,2029,10559.0
05313,2029,10521.0
05315,2029,7058.0
05318,2029,68709.0
05321,2029,10283.0
05347,2029,4699.0
05353,2029,6104.0
05360,2029,311325.0
05361,2029,29945.0
05364,2029,15727.0
05368,2029,14551.0
05376,2029,77563.0
05380,2029,86707.0
05390,2029,8951.0
05400,2029,25284.0
05411,2029,10941.0
05425,2029,8987.0
05440,2029,78794.0
05467,2029,6238.0
05475,2029,6383.0
05480,2029,13495.0
05483,2029,11184.0
05490,2029,41670.0
05495,2029,31057.0
05501,2029,3503.0
05541,2029,24871.0
05543,2029,8949.0
05576,2029,9104.0
05579,2029,39087.0
05585,2029,15850.0
05591,2029,20632.0
05604,2029,35045.0
05607,2029,28707.0
05615,2029,162034.0
05628,2029,10107.0
05631,2029,116564.0
05642,2029,18790.0
05647,2029,7294.0
05649,2029,16945.0
05652,2029,6148.0
05656,2029,19856.0
05658,2029,4189.0
05659,2029,19467.0
05660,2029,15095.0
05664,2029,22089.0
05665,2029,32650.0
05667,2029,18079.0
05670,2029,25644.0
05674,2029,25523.0
05679,2029,30387.0
05686,2029,41931.0
05690,2029,13654.0
05697,2029,42048.0
05736,2029,40049.0
05756,2029,34971.0
05761,2029,16980.0
05789,2029,16503.0
05790,2029,30204.0
05792,2029,6710.0
05809,2029,11746.0
05819,2029,4599.0
05837,2029,129986.0
05842,2029,7588.0
05847,2029,32617.0
05854,2029,15296.0
05856,2029,6725.0
05858,2029,12270.0
05861,2029,12653.0
05873,2029,12399.0
05885,2029,7635.0
05887,2029,41701.0
05890,2029,25750.0
05893,2029,23524.0
05895,2029,27599.0
05001,2030,2510536.0
05002,2030,20949.0
05004,2030,2760.0
05021,2030,5646.0
05030,2030,33870.0
05031,2030,30504.0
05034,2030,45543.0
05036,2030,6314.0
05038,2030,12748.0
05040,2030,22422.0
05042,2030,29633.0
05044,2030,7841.0
05045,2030,128467.0
05051,2030,32729.0
05055,2030,8398.0
05059,2030,5223.0
05079,2030,67538.0
05086,2030,6025.0
05088,2030,634516.0
05091,2030,10656.0
05093,2030,17337.0
05101,2030,28233.0
05107,2030,7610.0
05113,2030,11661.0
05120,2030,28245.0
05125,2030,9236.0
05129,2030,91739.0
05134,2030,10219.0
05138,2030,14786.0
05142,2030,4369.0
05145,2030,4205.0
05147,2030,52585.0
05148,2030,74849.0
05150,2030,3892.0
05154,2030,94060.0
05172,2030,56374.0
05190,2030,10343.0
05197,2030,16035.0
05206,2030,5172.0
05209,2030,21894.0
05212,2030,96568.0
05234,2030,25352.0
05237,2030,20094.0
05240,2030,12316.0
05250,2030,57960.0
05264,2030,13470.0
05266,2030,282790.0
05282,2030,26824.0
05284,2030,21827.0
05306,2030,6765.0
05308,2030,64777.0
05310,2030,10619.0
05313,2030,10517.0
05315,2030,7065.0
05318,2030,69425.0
05321,2030,10419.0
05347,2030,4595.0
05353,2030,6152.0
05360,2030,312805.0
05361,2030,29992.0
05364,2030,15791.0
05368,2030,14576.0
05376,2030,78583.0
05380,2030,87503.0
05390,2030,9063.0
05400,2030,25578.0
05411,2030,10932.0
05425,2030,9008.0
05440,2030,79802.0
05467,2030,6166.0
05475,2030,6486.0
05480,2030,13411.0
05483,2030,11228.0
05490,2030,41433.0
05495,2030,31436.0
05501,2030,3511.0
05541,2030,25125.0
05543,2030,8993.0
05576,2030,9129.0
05579,2030,39047.0
05585,2030,15896.0
05591,2030,20714.0
05604,2030,35538.0
05607,2030,29029.0
05615,2030,163772.0
05628,2030,10135.0
05631,2030,118837.0
05642,2030,18726.0
05647,2030,7253.0
05649,2030,16932.0
05652,2030,6195.0
05656,2030,20209.0
05658,2030,4242.0
05659,2030,19338.0
05660,2030,15227.0
05664,2030,22026.0
05665,2030,32650.0
05667,2030,18225.0
05670,2030,25890.0
05674,2030,25682.0
05679,2030,30580.0
05686,2030,42326.0
05690,2030,13690.0
05697,2030,42490.0
05736,2030,40210.0
05756,2030,34680.0
05761,2030,17071.0
05789,2030,16458.0
05790,2030,30407.0
05792,2030,6707.0
05809,2030,11779.0
05819,2030,4541.0
05837,2030,129757.0
05842,2030,7619.0
05847,2030,32738.0
05854,2030,15340.0
05856,2030,6712.0
05858,2030,12257.0
05861,2030,12699.0
05873,2030,12585.0
05885,2030,7599.0
05887,2030,41645.0
05890,2030,25873.0
05893,2030,23853.0
05895,2030,27763.0
05001,2031,2504515.0
05002,2031,20863.0
05004,2031,2753.0
05021,2031,5720.0
05030,2031,34025.0
05031,2031,30759.0
05034,2031,45513.0
05036,2031,6346.0
05038,2031,12771.0
05040,2031,22685.0
05042,2031,29859.0
05044,2031,7855.0
05045,2031,129129.0
05051,2031,32894.0
05055,2031,8431.0
05059,2031,5204.0
05079,2031,68290.0
05086,2031,5964.0
05088,2031,640097.0
05091,2031,10611.0
05093,2031,17356.0
05101,2031,28339.0
05107,2031,7512.0
05113,2031,11750.0
05120,2031,28051.0
05125,2031,9246.0
05129,2031,92190.0
05134,2031,10221.0
05138,2031,14649.0
05142,2031,4316.0
05145,2031,4124.0
05147,2031,52920.0
05148,2031,75766.0
05150,2031,3904.0
05154,2031,93949.0
05172,2031,56317.0
05190,2031,10403.0
05197,2031,15999.0
05206,2031,5183.0
05209,2031,21790.0
05212,2031,97640.0
05234,2031,25420.0
05237,2031,20154.0
05240,2031,12210.0
05250,2031,58230.0
05264,2031,13582.0
05266,2031,286304.0
05282,2031,26850.0
05284,2031,21796.0
05306,2031,6824.0
05308,2031,65418.0
05310,2031,10645.0
05313,2031,10508.0
05315,2031,7043.0
05318,2031,70112.0
05321,2031,10555.0
05347,2031,4518.0
05353,2031,6183.0
05360,2031,314158.0
05361,2031,30021.0
05364,2031,15867.0
05368,2031,14605.0
05376,2031,79549.0
05380,2031,88266.0
05390,2031,9145.0
05400,2031,25867.0
05411,2031,10934.0
05425,2031,9020.0
05440,2031,80763.0
05467,2031,6078.0
05475,2031,6600.0
05480,2031,13339.0
05483,2031,11265.0
05490,2031,41178.0
05495,2031,31795.0
05501,2031,3499.0
05541,2031,25321.0
05543,2031,8995.0
05576,2031,9117.0
05579,2031,39008.0
05585,2031,15949.0
05591,2031,20766.0
05604,2031,36007.0
05607,2031,29331.0
05615,2031,165434.0
05628,2031,10188.0
05631,2031,121007.0
05642,2031,18654.0
05647,2031,7216.0
05649,2031,16903.0
05652,2031,6193.0
05656,2031,20566.0
05658,2031,4292.0
05659,2031,19216.0
05660,2031,15368.0
05664,2031,21939.0
05665,2031,32644.0
05667,2031,18388.0
05670,2031,26092.0
05674,2031,25816.0
05679,2031,30775.0
05686,2031,42705.0
05690,2031,13696.0
05697,2031,42962.0
05736,2031,40369.0
05756,2031,34383.0
05761,2031,17182.0
05789,2031,16390.0
05790,2031,30570.0
05792,2031,6749.0
05809,2031,11829.0
05819,2031,4480.0
05837,2031,129445.0
05842,2031,7644.0
05847,2031,32862.0
05854,2031,15370.0
05856,2031,6705.0
05858,2031,12275.0
05861,2031,12734.0
05873,2031,12773.0
05885,2031,7580.0
05887,2031,41559.0
05890,2031,26000.0
05893,2031,24212.0
05895,2031,27936.0
05001,2032,2497704.0
05002,2032,20783.0
05004,2032,2753.0
05021,2032,5781.0
05030,2032,34162.0
05031,2032,30980.0
05034,2032,45471.0
05036,2032,6352.0
05038,2032,12801.0
05040,2032,22954.0
05042,2032,30073.0
05044,2032,7861.0
05045,2032,129762.0
05051,2032,33054.0
05055,2032,8439.0
05059,2032,5153.0
05079,2032,69033.0
05086,2032,5917.0
05088,2032,645323.0
05091,2032,10564.0
05093,2032,17404.0
05101,2032,28444.0
05107,2032,7441.0
05113,2032,11824.0
05120,2032,27828.0
05125,2032,9257.0
05129,2032,92603.0
05134,2032,10263.0
05138,2032,14463.0
05142,2032,4304.0
05145,2032,4073.0
05147,2032,53202.0
05148,2032,76623.0
05150,2032,3895.0
05154,2032,93807.0
05172,2032,56253.0
05190,2032,10456.0
05197,2032,15959.0
05206,2032,5183.0
05209,2032,21683.0
05212,2032,98721.0
05234,2032,25484.0
05237,2032,20195.0
05240,2032,12112.0
05250,2032,58445.0
05264,2032,13715.0
05266,2032,289772.0
05282,2032,26863.0
05284,2032,21751.0
05306,2032,6883.0
05308,2032,66013.0
05310,2032,10672.0
05313,2032,10499.0
05315,2032,7055.0
05318,2032,70714.0
05321,2032,10666.0
05347,2032,4439.0
05353,2032,6234.0
05360,2032,315491.0
05361,2032,30040.0
05364,2032,15898.0
05368,2032,14625.0
05376,2032,80537.0
05380,2032,88989.0
05390,2032,9217.0
05400,2032,26148.0
05411,2032,10924.0
05425,2032,9029.0
05440,2032,81697.0
05467,2032,6008.0
05475,2032,6703.0
05480,2032,13251.0
05483,2032,11288.0
05490,2032,40915.0
05495,2032,32153.0
05501,2032,3510.0
05541,2032,25520.0
05543,2032,9006.0
05576,2032,9118.0
05579,2032,38966.0
05585,2032,15976.0
05591,2032,20825.0
05604,2032,36456.0
05607,2032,29617.0
05615,2032,167011.0
05628,2032,10205.0
05631,2032,123071.0
05642,2032,18564.0
05647,2032,7193.0
05649,2032,16848.0
05652,2032,6233.0
05656,2032,20935.0
05658,2032,4328.0
05659,2032,19067.0
05660,2032,15517.0
05664,2032,21844.0
05665,2032,32626.0
05667,2032,18525.0
05670,2032,26315.0
05674,2032,25946.0
05679,2032,30976.0
05686,2032,43076.0
05690,2032,13690.0
05697,2032,43384.0
05736,2032,40545.0
05756,2032,34085.0
05761,2032,17247.0
05789,2032,16305.0
05790,2032,30733.0
05792,2032,6763.0
05809,2032,11862.0
05819,2032,4385.0
05837,2032,129056.0
05842,2032,7653.0
05847,2032,32946.0
05854,2032,15379.0
05856,2032,6693.0
05858,2032,12289.0
05861,2032,12770.0
05873,2032,12961.0
05885,2032,7532.0
05887,2032,41483.0
05890,2032,26134.0
05893,2032,24557.0
05895,2032,28088.0
05001,2033,2490104.0
05002,2033,20694.0
05004,2033,2738.0
05021,2033,5838.0
05030,2033,34288.0
05031,2033,31199.0
05034,2033,45408.0
05036,2033,6378.0
05038,2033,12804.0
05040,2033,23176.0
05042,2033,30281.0
05044,2033,7864.0
05045,2033,130411.0
05051,2033,33196.0
05055,2033,8474.0
05059,2033,5129.0
05079,2033,69760.0
05086,2033,5873.0
05088,2033,650254.0
05091,2033,10509.0
05093,2033,17415.0
05101,2033,28534.0
05107,2033,7337.0
05113,2033,11911.0
05120,2033,27605.0
05125,2033,9259.0
05129,2033,92979.0
05134,2033,10264.0
05138,2033,14330.0
05142,2033,4264.0
05145,2033,3993.0
05147,2033,53497.0
05148,2033,77438.0
05150,2033,3886.0
05154,2033,93605.0
05172,2033,56212.0
05190,2033,10505.0
05197,2033,15904.0
05206,2033,5192.0
05209,2033,21570.0
05212,2033,99773.0
05234,2033,25531.0
05237,2033,20214.0
05240,2033,12020.0
05250,2033,58679.0
05264,2033,13808.0
05266,2033,293213.0
05282,2033,26858.0
05284,2033,21697.0
05306,2033,6922.0
05308,2033,66599.0
05310,2033,10718.0
05313,2033,10486.0
05315,2033,7041.0
05318,2033,71267.0
05321,2033,10769.0
05347,2033,4354.0
05353,2033,6272.0
05360,2033,316683.0
05361,2033,30051.0
05364,2033,15946.0
05368,2033,14646.0
05376,2033,81450.0
05380,2033,89662.0
05390,2033,9317.0
05400,2033,26450.0
05411,2033,10913.0
05425,2033,9040.0
05440,2033,82593.0
05467,2033,5904.0
05475,2033,6803.0
05480,2033,13165.0
05483,2033,11290.0
05490,2033,40658.0
05495,2033,32505.0
05501,2033,3503.0
05541,2033,25715.0
05543,2033,9014.0
05576,2033,9119.0
05579,2033,38923.0
05585,2033,16006.0
05591,2033,20867.0
05604,2033,36903.0
05607,2033,29890.0
05615,2033,168496.0
05628,2033,10232.0
05631,2033,125035.0
05642,2033,18483.0
05647,2033,7128.0
05649,2033,16829.0
05652,2033,6234.0
05656,2033,21287.0
05658,2033,4363.0
05659,2033,18893.0
05660,2033,15662.0
05664,2033,21747.0
05665,2033,32570.0
05667,2033,18657.0
05670,2033,26531.0
05674,2033,26038.0
05679,2033,31129.0
05686,2033,43423.0
05690,2033,13664.0
05697,2033,43800.0
05736,2033,40700.0
05756,2033,33745.0
05761,2033,17329.0
05789,2033,16223.0
05790,2033,30909.0
05792,2033,6780.0
05809,2033,11879.0
05819,2033,4320.0
05837,2033,128627.0
05842,2033,7666.0
05847,2033,33051.0
05854,2033,15397.0
05856,2033,6672.0
05858,2033,12309.0
05861,2033,12798.0
05873,2033,13123.0
05885,2033,7493.0
05887,2033,41378.0
05890,2033,26190.0
05893,2033,24894.0
05895,2033,28204.0
05001,2034,2481654.0
05002,2034,20577.0
05004,2034,2717.0
05021,2034,5913.0
05030,2034,34421.0
05031,2034,31379.0
05034,2034,45330.0
05036,2034,6393.0
05038,2034,12808.0
05040,2034,23420.0
05042,2034,30466.0
05044,2034,7879.0
05045,2034,131022.0
05051,2034,33301.0
05055,2034,8486.0
05059,2034,5082.0
05079,2034,70485.0
05086,2034,5842.0
05088,2034,654838.0
05091,2034,10475.0
05093,2034,17413.0
05101,2034,28619.0
05107,2034,7242.0
05113,2034,11961.0
05120,2034,27362.0
05125,2034,9258.0
05129,2034,93351.0
05134,2034,10275.0
05138,2034,14142.0
05142,2034,4218.0
05145,2034,3935.0
05147,2034,53772.0
05148,2034,78211.0
05150,2034,3853.0
05154,2034,93357.0
05172,2034,56164.0
05190,2034,10565.0
05197,2034,15849.0
05206,2034,5175.0
05209,2034,21449.0
05212,2034,100785.0
05234,2034,25553.0
05237,2034,20258.0
05240,2034,11904.0
05250,2034,58861.0
05264,2034,13893.0
05266,2034,296598.0
05282,2034,26868.0
05284,2034,21678.0
05306,2034,6971.0
05308,2034,67146.0
05310,2034,10737.0
05313,2034,10469.0
05315,2034,7019.0
05318,2034,71769.0
05321,2034,10890.0
05347,2034,4246.0
05353,2034,6324.0
05360,2034,317787.0
05361,2034,30040.0
05364,2034,15995.0
05368,2034,14663.0
05376,2034,82371.0
05380,2034,90309.0
05390,2034,9396.0
05400,2034,26712.0
05411,2034,10875.0
05425,2034,9050.0
05440,2034,83427.0
05467,2034,5829.0
05475,2034,6911.0
05480,2034,13095.0
05483,2034,11308.0
05490,2034,40365.0
05495,2034,32841.0
05501,2034,3482.0
05541,2034,25879.0
05543,2034,9031.0
05576,2034,9106.0
05579,2034,38880.0
05585,2034,16018.0
05591,2034,20878.0
05604,2034,37342.0
05607,2034,30149.0
05615,2034,169892.0
05628,2034,10245.0
05631,2034,126900.0
05642,2034,18381.0
05647,2034,7092.0
05649,2034,16770.0
05652,2034,6252.0
05656,2034,21627.0
05658,2034,4409.0
05659,2034,18746.0
05660,2034,15802.0
05664,2034,21656.0
05665,2034,32517.0
05667,2034,18793.0
05670,2034,26702.0
05674,2034,26119.0
05679,2034,31259.0
05686,2034,43777.0
05690,2034,13659.0
05697,2034,44192.0
05736,2034,40846.0
05756,2034,33424.0
05761,2034,17398.0
05789,2034,16123.0
05790,2034,31037.0
05792,2034,6792.0
05809,2034,11911.0
05819,2034,4267.0
05837,2034,128134.0
05842,2034,7670.0
05847,2034,33136.0
05854,2034,15407.0
05856,2034,6658.0
05858,2034,12301.0
05861,2034,12823.0
05873,2034,13281.0
05885,2034,7428.0
05887,2034,41276.0
05890,2034,26292.0
05893,2034,25227.0
05895,2034,28336.0
05001,2035,2472359.0
05002,2035,20465.0
05004,2035,2690.0
05021,2035,5984.0
05030,2035,34512.0
05031,2035,31566.0
05034,2035,45225.0
05036,2035,6402.0
05038,2035,12808.0
05040,2035,23664.0
05042,2035,30684.0
05044,2035,7871.0
05045,2035,131636.0
05051,2035,33417.0
05055,2035,8515.0
05059,2035,5064.0
05079,2035,71146.0
05086,2035,5778.0
05088,2035,659094.0
05091,2035,10409.0
05093,2035,17416.0
05101,2035,28708.0
05107,2035,7153.0
05113,2035,12026.0
05120,2035,27119.0
05125,2035,9222.0
05129,2035,93693.0
05134,2035,10274.0
05138,2035,13983.0
05142,2035,4190.0
05145,2035,3872.0
05147,2035,54037.0
05148,2035,78913.0
05150,2035,3850.0
05154,2035,93081.0
05172,2035,56124.0
05190,2035,10619.0
05197,2035,15787.0
05206,2035,5167.0
05209,2035,21298.0
05212,2035,101761.0
05234,2035,25589.0
05237,2035,20289.0
05240,2035,11793.0
05250,2035,59023.0
05264,2035,13987.0
05266,2035,299940.0
05282,2035,26849.0
05284,2035,21600.0
05306,2035,7014.0
05308,2035,67702.0
05310,2035,10755.0
05313,2035,10446.0
05315,2035,7013.0
05318,2035,72204.0
05321,2035,10981.0
05347,2035,4180.0
05353,2035,6353.0
05360,2035,318808.0
05361,2035,29994.0
05364,2035,16018.0
05368,2035,14660.0
05376,2035,83269.0
05380,2035,90880.0
05390,2035,9468.0
05400,2035,26979.0
05411,2035,10845.0
05425,2035,9048.0
05440,2035,84235.0
05467,2035,5729.0
05475,2035,7005.0
05480,2035,13016.0
05483,2035,11303.0
05490,2035,40116.0
05495,2035,33152.0
05501,2035,3488.0
05541,2035,26049.0
05543,2035,9034.0
05576,2035,9094.0
05579,2035,38805.0
05585,2035,16010.0
05591,2035,20882.0
05604,2035,37779.0
05607,2035,30364.0
05615,2035,171187.0
05628,2035,10250.0
05631,2035,128657.0
05642,2035,18263.0
05647,2035,7049.0
05649,2035,16703.0
05652,2035,6248.0
05656,2035,21977.0
05658,2035,4445.0
05659,2035,18588.0
05660,2035,15934.0
05664,2035,21550.0
05665,2035,32451.0
05667,2035,18897.0
05670,2035,26874.0
05674,2035,26200.0
05679,2035,31416.0
05686,2035,44132.0
05690,2035,13626.0
05697,2035,44564.0
05736,2035,40992.0
05756,2035,33076.0
05761,2035,17462.0
05789,2035,16028.0
05790,2035,31168.0
05792,2035,6821.0
05809,2035,11925.0
05819,2035,4195.0
05837,2035,127610.0
05842,2035,7674.0
05847,2035,33207.0
05854,2035,15404.0
05856,2035,6652.0
05858,2035,12304.0
05861,2035,12843.0
05873,2035,13408.0
05885,2035,7382.0
05887,2035,41170.0
05890,2035,26346.0
05893,2035,25550.0
05895,2035,28465.0
05001,2036,2462190.0
05002,2036,20339.0
05004,2036,2678.0
05021,2036,6033.0
05030,2036,34622.0
05031,2036,31742.0
05034,2036,45117.0
05036,2036,6386.0
05038,2036,12778.0
05040,2036,23868.0
05042,2036,30875.0
05044,2036,7850.0
05045,2036,132206.0
05051,2036,33529.0
05055,2036,8524.0
05059,2036,5035.0
05079,2036,71811.0
05086,2036,5722.0
05088,2036,663017.0
05091,2036,10352.0
05093,2036,17420.0
05101,2036,28777.0
05107,2036,7060.0
05113,2036,12061.0
05120,2036,26849.0
05125,2036,9208.0
05129,2036,93982.0
05134,2036,10280.0
05138,2036,13806.0
05142,2036,4144.0
05145,2036,3809.0
05147,2036,54273.0
05148,2036,79591.0
05150,2036,3837.0
05154,2036,92747.0
05172,2036,56046.0
05190,2036,10654.0
05197,2036,15711.0
05206,2036,5174.0
05209,2036,21141.0
05212,2036,102723.0
05234,2036,25601.0
05237,2036,20306.0
05240,2036,11666.0
05250,2036,59151.0
05264,2036,14057.0
05266,2036,303184.0
05282,2036,26827.0
05284,2036,21518.0
05306,2036,7037.0
05308,2036,68196.0
05310,2036,10784.0
05313,2036,10427.0
05315,2036,6987.0
05318,2036,72592.0
05321,2036,11090.0
05347,2036,4093.0
05353,2036,6382.0
05360,2036,319714.0
05361,2036,29971.0
05364,2036,16053.0
05368,2036,14672.0
05376,2036,84104.0
05380,2036,91427.0
05390,2036,9551.0
05400,2036,27255.0
05411,2036,10813.0
05425,2036,9031.0
05440,2036,84988.0
05467,2036,5646.0
05475,2036,7116.0
05480,2036,12939.0
05483,2036,11314.0
05490,2036,39825.0
05495,2036,33482.0
05501,2036,3461.0
05541,2036,26175.0
05543,2036,9024.0
05576,2036,9055.0
05579,2036,38748.0
05585,2036,16019.0
05591,2036,20882.0
05604,2036,38196.0
05607,2036,30599.0
05615,2036,172428.0
05628,2036,10248.0
05631,2036,130334.0
05642,2036,18162.0
05647,2036,6982.0
05649,2036,16642.0
05652,2036,6254.0
05656,2036,22315.0
05658,2036,4477.0
05659,2036,18418.0
05660,2036,16083.0
05664,2036,21442.0
05665,2036,32376.0
05667,2036,19017.0
05670,2036,27052.0
05674,2036,26255.0
05679,2036,31544.0
05686,2036,44431.0
05690,2036,13601.0
05697,2036,44934.0
05736,2036,41134.0
05756,2036,32746.0
05761,2036,17512.0
05789,2036,15952.0
05790,2036,31301.0
05792,2036,6814.0
05809,2036,11940.0
05819,2036,4120.0
05837,2036,127001.0
05842,2036,7690.0
05847,2036,33272.0
05854,2036,15417.0
05856,2036,6638.0
05858,2036,12298.0
05861,2036,12872.0
05873,2036,13546.0
05885,2036,7344.0
05887,2036,41055.0
05890,2036,26394.0
05893,2036,25873.0
05895,2036,28575.0
05001,2037,2451127.0
05002,2037,20216.0
05004,2037,2647.0
05021,2037,6095.0
05030,2037,34705.0
05031,2037,31890.0
05034,2037,45002.0
05036,2037,6397.0
05038,2037,12765.0
05040,2037,24080.0
05042,2037,31052.0
05044,2037,7853.0
05045,2037,132774.0
05051,2037,33607.0
05055,2037,8519.0
05059,2037,4983.0
05079,2037,72421.0
05086,2037,5660.0
05088,2037,666606.0
05091,2037,10272.0
05093,2037,17403.0
05101,2037,28837.0
05107,2037,6951.0
05113,2037,12093.0
05120,2037,26607.0
05125,2037,9190.0
05129,2037,94245.0
05134,2037,10267.0
05138,2037,13591.0
05142,2037,4124.0
05145,2037,3741.0
05147,2037,54535.0
05148,2037,80218.0
05150,2037,3819.0
05154,2037,92370.0
05172,2037,55996.0
05190,2037,10718.0
05197,2037,15632.0
05206,2037,5148.0
05209,2037,20989.0
05212,2037,103641.0
05234,2037,25613.0
05237,2037,20305.0
05240,2037,11542.0
05250,2037,59271.0
05264,2037,14150.0
05266,2037,306366.0
05282,2037,26763.0
05284,2037,21450.0
05306,2037,7072.0
05308,2037,68696.0
05310,2037,10812.0
05313,2037,10398.0
05315,2037,6974.0
05318,2037,72939.0
05321,2037,11179.0
05347,2037,4006.0
05353,2037,6429.0
05360,2037,320518.0
05361,2037,29886.0
05364,2037,16077.0
05368,2037,14671.0
05376,2037,84918.0
05380,2037,91920.0
05390,2037,9638.0
05400,2037,27524.0
05411,2037,10773.0
05425,2037,9013.0
05440,2037,85711.0
05467,2037,5547.0
05475,2037,7218.0
05480,2037,12855.0
05483,2037,11312.0
05490,2037,39529.0
05495,2037,33784.0
05501,2037,3457.0
05541,2037,26310.0
05543,2037,9031.0
05576,2037,9035.0
05579,2037,38683.0
05585,2037,16016.0
05591,2037,20874.0
05604,2037,38592.0
05607,2037,30790.0
05615,2037,173577.0
05628,2037,10267.0
05631,2037,131885.0
05642,2037,18052.0
05647,2037,6927.0
05649,2037,16588.0
05652,2037,6255.0
05656,2037,22659.0
05658,2037,4511.0
05659,2037,18270.0
05660,2037,16217.0
05664,2037,21317.0
05665,2037,32278.0
05667,2037,19130.0
05670,2037,27188.0
05674,2037,26314.0
05679,2037,31661.0
05686,2037,44765.0
05690,2037,13553.0
05697,2037,45246.0
05736,2037,41259.0
05756,2037,32384.0
05761,2037,17564.0
05789,2037,15828.0
05790,2037,31398.0
05792,2037,6831.0
05809,2037,11956.0
05819,2037,4051.0
05837,2037,126370.0
05842,2037,7689.0
05847,2037,33326.0
05854,2037,15383.0
05856,2037,6614.0
05858,2037,12287.0
05861,2037,12866.0
05873,2037,13655.0
05885,2037,7302.0
05887,2037,40920.0
05890,2037,26429.0
05893,2037,26176.0
05895,2037,28641.0
05001,2038,2439177.0
05002,2038,20087.0
05004,2038,2642.0
05021,2038,6169.0
05030,2038,34761.0
05031,2038,32036.0
05034,2038,44832.0
05036,2038,6393.0
05038,2038,12736.0
05040,2038,24290.0
05042,2038,31226.0
05044,2038,7814.0
05045,2038,133321.0
05051,2038,33717.0
05055,2038,8521.0
05059,2038,4937.0
05079,2038,73018.0
05086,2038,5598.0
05088,2038,669834.0
05091,2038,10207.0
05093,2038,17379.0
05101,2038,28886.0
05107,2038,6867.0
05113,2038,12137.0
05120,2038,26353.0
05125,2038,9155.0
05129,2038,94466.0
05134,2038,10235.0
05138,2038,13415.0
05142,2038,4087.0
05145,2038,3669.0
05147,2038,54747.0
05148,2038,80783.0
05150,2038,3798.0
05154,2038,91947.0
05172,2038,55935.0
05190,2038,10767.0
05197,2038,15560.0
05206,2038,5156.0
05209,2038,20821.0
05212,2038,104561.0
05234,2038,25600.0
05237,2038,20327.0
05240,2038,11424.0
05250,2038,59355.0
05264,2038,14208.0
05266,2038,309486.0
05282,2038,26708.0
05284,2038,21364.0
05306,2038,7091.0
05308,2038,69146.0
05310,2038,10806.0
05313,2038,10372.0
05315,2038,6930.0
05318,2038,73222.0
05321,2038,11270.0
05347,2038,3916.0
05353,2038,6458.0
05360,2038,321187.0
05361,2038,29830.0
05364,2038,16083.0
05368,2038,14668.0
05376,2038,85732.0
05380,2038,92373.0
05390,2038,9722.0
05400,2038,27771.0
05411,2038,10721.0
05425,2038,9015.0
05440,2038,86395.0
05467,2038,5457.0
05475,2038,7317.0
05480,2038,12774.0
05483,2038,11292.0
05490,2038,39244.0
05495,2038,34088.0
05501,2038,3427.0
05541,2038,26429.0
05543,2038,9011.0
05576,2038,9042.0
05579,2038,38603.0
05585,2038,15991.0
05591,2038,20822.0
05604,2038,39000.0
05607,2038,30972.0
05615,2038,174645.0
05628,2038,10262.0
05631,2038,133303.0
05642,2038,17924.0
05647,2038,6875.0
05649,2038,16518.0
05652,2038,6265.0
05656,2038,22999.0
05658,2038,4534.0
05659,2038,18091.0
05660,2038,16320.0
05664,2038,21216.0
05665,2038,32171.0
05667,2038,19219.0
05670,2038,27343.0
05674,2038,26353.0
05679,2038,31762.0
05686,2038,45069.0
05690,2038,13500.0
05697,2038,45571.0
05736,2038,41393.0
05756,2038,32017.0
05761,2038,17607.0
05789,2038,15718.0
05790,2038,31495.0
05792,2038,6847.0
05809,2038,11964.0
05819,2038,3982.0
05837,2038,125681.0
05842,2038,7674.0
05847,2038,33367.0
05854,2038,15366.0
05856,2038,6586.0
05858,2038,12290.0
05861,2038,12885.0
05873,2038,13762.0
05885,2038,7243.0
05887,2038,40777.0
05890,2038,26452.0
05893,2038,26527.0
05895,2038,28743.0
05001,2039,2426320.0
05002,2039,19929.0
05004,2039,2622.0
05021,2039,6221.0
05030,2039,34825.0
05031,2039,32164.0
05034,2039,44677.0
05036,2039,6379.0
05038,2039,12710.0
05040,2039,24479.0
05042,2039,31382.0
05044,2039,7790.0
05045,2039,133849.0
05051,2039,33747.0
05055,2039,8524.0
05059,2039,4889.0
05079,2039,73568.0
05086,2039,5537.0
05088,2039,672706.0
05091,2039,10127.0
05093,2039,17342.0
05101,2039,28943.0
05107,2039,6754.0
05113,2039,12138.0
05120,2039,26056.0
05125,2039,9125.0
05129,2039,94658.0
05134,2039,10226.0
05138,2039,13234.0
05142,2039,4039.0
05145,2039,3620.0
05147,2039,54973.0
05148,2039,81327.0
05150,2039,3799.0
05154,2039,91510.0
05172,2039,55881.0
05190,2039,10813.0
05197,2039,15489.0
05206,2039,5141.0
05209,2039,20675.0
05212,2039,105422.0
05234,2039,25587.0
05237,2039,20343.0
05240,2039,11265.0
05250,2039,59421.0
05264,2039,14268.0
05266,2039,312548.0
05282,2039,26647.0
05284,2039,21275.0
05306,2039,7099.0
05308,2039,69578.0
05310,2039,10814.0
05313,2039,10332.0
05315,2039,6925.0
05318,2039,73446.0
05321,2039,11340.0
05347,2039,3826.0
05353,2039,6483.0
05360,2039,321747.0
05361,2039,29722.0
05364,2039,16110.0
05368,2039,14661.0
05376,2039,86470.0
05380,2039,92756.0
05390,2039,9803.0
05400,2039,28016.0
05411,2039,10682.0
05425,2039,8991.0
05440,2039,87035.0
05467,2039,5350.0
05475,2039,7410.0
05480,2039,12715.0
05483,2039,11291.0
05490,2039,38951.0
05495,2039,34370.0
05501,2039,3420.0
05541,2039,26516.0
05543,2039,8999.0
05576,2039,9015.0
05579,2039,38547.0
05585,2039,15976.0
05591,2039,20788.0
05604,2039,39365.0
05607,2039,31144.0
05615,2039,175648.0
05628,2039,10259.0
05631,2039,134633.0
05642,2039,17779.0
05647,2039,6809.0
05649,2039,16423.0
05652,2039,6274.0
05656,2039,23342.0
05658,2039,4574.0
05659,2039,17908.0
05660,2039,16423.0
05664,2039,21076.0
05665,2039,32064.0
05667,2039,19343.0
05670,2039,27463.0
05674,2039,26377.0
05679,2039,31869.0
05686,2039,45346.0
05690,2039,13456.0
05697,2039,45882.0
05736,2039,41501.0
05756,2039,31628.0
05761,2039,17646.0
05789,2039,15591.0
05790,2039,31573.0
05792,2039,6863.0
05809,2039,11976.0
05819,2039,3913.0
05837,2039,124943.0
05842,2039,7644.0
05847,2039,33405.0
05854,2039,15344.0
05856,2039,6578.0
05858,2039,12270.0
05861,2039,12877.0
05873,2039,13838.0
05885,2039,7178.0
05887,2039,40631.0
05890,2039,26473.0
05893,2039,26836.0
05895,2039,28816.0
05001,2040,2412557.0
05002,2040,19784.0
05004,2040,2587.0
05021,2040,6286.0
05030,2040,34864.0
05031,2040,32265.0
05034,2040,44503.0
05036,2040,6378.0
05038,2040,12680.0
05040,2040,24686.0
05042,2040,31552.0
05044,2040,7765.0
05045,2040,134344.0
05051,2040,33822.0
05055,2040,8540.0
05059,2040,4841.0
05079,2040,74082.0
05086,2040,5472.0
05088,2040,675247.0
05091,2040,10053.0
05093,2040,17307.0
05101,2040,28989.0
05107,2040,6668.0
05113,2040,12154.0
05120,2040,25791.0
05125,2040,9090.0
05129,2040,94814.0
05134,2040,10203.0
05138,2040,13034.0
05142,2040,3977.0
05145,2040,3546.0
05147,2040,55176.0
05148,2040,81825.0
05150,2040,3777.0
05154,2040,91015.0
05172,2040,55820.0
05190,2040,10867.0
05197,2040,15387.0
05206,2040,5126.0
05209,2040,20484.0
05212,2040,106247.0
05234,2040,25567.0
05237,2040,20311.0
05240,2040,11129.0
05250,2040,59460.0
05264,2040,14330.0
05266,2040,315486.0
05282,2040,26587.0
05284,2040,21179.0
05306,2040,7117.0
05308,2040,69984.0
05310,2040,10842.0
05313,2040,10301.0
05315,2040,6881.0
05318,2040,73632.0
05321,2040,11420.0
05347,2040,3751.0
05353,2040,6522.0
05360,2040,322185.0
05361,2040,29627.0
05364,2040,16102.0
05368,2040,14646.0
05376,2040,87194.0
05380,2040,93115.0
05390,2040,9862.0
05400,2040,28286.0
05411,2040,10618.0
05425,2040,8972.0
05440,2040,87645.0
05467,2040,5261.0
05475,2040,7507.0
05480,2040,12633.0
05483,2040,11256.0
05490,2040,38650.0
05495,2040,34646.0
05501,2040,3379.0
05541,2040,26634.0
05543,2040,8971.0
05576,2040,8984.0
05579,2040,38444.0
05585,2040,15950.0
05591,2040,20753.0
05604,2040,39750.0
05607,2040,31282.0
05615,2040,176545.0
05628,2040,10253.0
05631,2040,135854.0
05642,2040,17650.0
05647,2040,6759.0
05649,2040,16336.0
05652,2040,6270.0
05656,2040,23670.0
05658,2040,4621.0
05659,2040,17756.0
05660,2040,16555.0
05664,2040,20935.0
05665,2040,31934.0
05667,2040,19426.0
05670,2040,27588.0
05674,2040,26390.0
05679,2040,31958.0
05686,2040,45629.0
05690,2040,13393.0
05697,2040,46161.0
05736,2040,41623.0
05756,2040,31261.0
05761,2040,17664.0
05789,2040,15476.0
05790,2040,31653.0
05792,2040,6859.0
05809,2040,11953.0
05819,2040,3830.0
05837,2040,124169.0
05842,2040,7630.0
05847,2040,33430.0
05854,2040,15305.0
05856,2040,6551.0
05858,2040,12279.0
05861,2040,12873.0
05873,2040,13918.0
05885,2040,7115.0
05887,2040,40483.0
05890,2040,26482.0
05893,2040,27112.0
05895,2040,28888.0
05001,2041,2397892.0
05002,2041,19620.0
05004,2041,2561.0
05021,2041,6335.0
05030,2041,34910.0
05031,2041,32368.0
05034,2041,44315.0
05036,2041,6354.0
05038,2041,12645.0
05040,2041,24862.0
05042,2041,31689.0
05044,2041,7747.0
05045,2041,134815.0
05051,2041,33854.0
05055,2041,8531.0
05059,2041,4805.0
05079,2041,74581.0
05086,2041,5416.0
05088,2041,677413.0
05091,2041,9981.0
05093,2041,17277.0
05101,2041,29026.0
05107,2041,6545.0
05113,2041,12158.0
05120,2041,25512.0
05125,2041,9036.0
05129,2041,94905.0
05134,2041,10176.0
05138,2041,12850.0
05142,2041,3962.0
05145,2041,3478.0
05147,2041,55383.0
05148,2041,82255.0
05150,2041,3765.0
05154,2041,90500.0
05172,2041,55753.0
05190,2041,10897.0
05197,2041,15316.0
05206,2041,5108.0
05209,2041,20316.0
05212,2041,107049.0
05234,2041,25520.0
05237,2041,20319.0
05240,2041,10999.0
05250,2041,59491.0
05264,2041,14356.0
05266,2041,318363.0
05282,2041,26475.0
05284,2041,21047.0
05306,2041,7148.0
05308,2041,70346.0
05310,2041,10825.0
05313,2041,10254.0
05315,2041,6854.0
05318,2041,73793.0
05321,2041,11491.0
05347,2041,3658.0
05353,2041,6536.0
05360,2041,322520.0
05361,2041,29516.0
05364,2041,16116.0
05368,2041,14626.0
05376,2041,87884.0
05380,2041,93430.0
05390,2041,9947.0
05400,2041,28519.0
05411,2041,10544.0
05425,2041,8948.0
05440,2041,88212.0
05467,2041,5158.0
05475,2041,7596.0
05480,2041,12542.0
05483,2041,11230.0
05490,2041,38350.0
05495,2041,34925.0
05501,2041,3359.0
05541,2041,26730.0
05543,2041,8952.0
05576,2041,8959.0
05579,2041,38339.0
05585,2041,15915.0
05591,2041,20691.0
05604,2041,40130.0
05607,2041,31412.0
05615,2041,177355.0
05628,2041,10259.0
05631,2041,136956.0
05642,2041,17497.0
05647,2041,6681.0
05649,2041,16262.0
05652,2041,6258.0
05656,2041,24007.0
05658,2041,4636.0
05659,2041,17573.0
05660,2041,16668.0
05664,2041,20809.0
05665,2041,31797.0
05667,2041,19505.0
05670,2041,27707.0
05674,2041,26385.0
05679,2041,32029.0
05686,2041,45882.0
05690,2041,13340.0
05697,2041,46434.0
05736,2041,41715.0
05756,2041,30877.0
05761,2041,17699.0
05789,2041,15362.0
05790,2041,31709.0
05792,2041,6869.0
05809,2041,11938.0
05819,2041,3774.0
05837,2041,123358.0
05842,2041,7630.0
05847,2041,33440.0
05854,2041,15274.0
05856,2041,6519.0
05858,2041,12262.0
05861,2041,12867.0
05873,2041,13985.0
05885,2041,7062.0
05887,2041,40324.0
05890,2041,26486.0
05893,2041,27412.0
05895,2041,28948.0
05001,2042,2382344.0
05002,2042,19476.0
05004,2042,2558.0
05021,2042,6389.0
05030,2042,34948.0
05031,2042,32451.0
05034,2042,44135.0
05036,2042,6349.0
05038,2042,12594.0
05040,2042,25050.0
05042,2042,31861.0
05044,2042,7711.0
05045,2042,135243.0
05051,2042,33892.0
05055,2042,8520.0
05059,2042,4766.0
05079,2042,75040.0
05086,2042,5348.0
05088,2042,679249.0
05091,2042,9898.0
05093,2042,17211.0
05101,2042,29040.0
05107,2042,6448.0
05113,2042,12169.0
05120,2042,25215.0
05125,2042,9009.0
05129,2042,94971.0
05134,2042,10157.0
05138,2042,12655.0
05142,2042,3918.0
05145,2042,3404.0
05147,2042,55560.0
05148,2042,82673.0
05150,2042,3746.0
05154,2042,89944.0
05172,2042,55672.0
05190,2042,10933.0
05197,2042,15206.0
05206,2042,5085.0
05209,2042,20127.0
05212,2042,107798.0
05234,2042,25505.0
05237,2042,20317.0
05240,2042,10852.0
05250,2042,59499.0
05264,2042,14407.0
05266,2042,321128.0
05282,2042,26381.0
05284,2042,20948.0
05306,2042,7135.0
05308,2042,70666.0
05310,2042,10822.0
05313,2042,10212.0
05315,2042,6821.0
05318,2042,73906.0
05321,2042,11547.0
05347,2042,3572.0
05353,2042,6568.0
05360,2042,322732.0
05361,2042,29392.0
05364,2042,16117.0
05368,2042,14592.0
05376,2042,88530.0
05380,2042,93691.0
05390,2042,10029.0
05400,2042,28766.0
05411,2042,10488.0
05425,2042,8915.0
05440,2042,88715.0
05467,2042,5067.0
05475,2042,7691.0
05480,2042,12481.0
05483,2042,11211.0
05490,2042,38064.0
05495,2042,35177.0
05501,2042,3339.0
05541,2042,26801.0
05543,2042,8932.0
05576,2042,8908.0
05579,2042,38225.0
05585,2042,15879.0
05591,2042,20627.0
05604,2042,40476.0
05607,2042,31518.0
05615,2042,178104.0
05628,2042,10221.0
05631,2042,137974.0
05642,2042,17370.0
05647,2042,6624.0
05649,2042,16172.0
05652,2042,6257.0
05656,2042,24309.0
05658,2042,4669.0
05659,2042,17397.0
05660,2042,16772.0
05664,2042,20648.0
05665,2042,31654.0
05667,2042,19584.0
05670,2042,27806.0
05674,2042,26388.0
05679,2042,32086.0
05686,2042,46154.0
05690,2042,13261.0
05697,2042,46668.0
05736,2042,41809.0
05756,2042,30489.0
05761,2042,17713.0
05789,2042,15249.0
05790,2042,31760.0
05792,2042,6872.0
05809,2042,11923.0
05819,2042,3690.0
05837,2042,122511.0
05842,2042,7619.0
05847,2042,33432.0
05854,2042,15214.0
05856,2042,6486.0
05858,2042,12224.0
05861,2042,12846.0
05873,2042,14044.0
05885,2042,7012.0
05887,2042,40142.0
05890,2042,26453.0
05893,2042,27721.0
05895,2042,28995.0
